date,state,district,market,commodity,min_price,max_price,modal_price
2023-07-04,Madhya Pradesh,Jabalpur,Jabalpur,Gram,2719,3113,2756
2023-07-05,Madhya Pradesh,Bhopal,Ujjain,Maize,2923,3020,2578
2023-07-06,Madhya Pradesh,Jabalpur,Sagar,Gram,1556,2973,3499
2023-07-07,Madhya Pradesh,Indore,Ujjain,Soybean,1712,3438,2454
2023-07-08,Madhya Pradesh,Gwalior,Jabalpur,Gram,2802,3997,2236
2023-07-09,Madhya Pradesh,Gwalior,Gwalior,Paddy(Dhan),2903,3017,2117
2023-07-10,Madhya Pradesh,Ujjain,Jabalpur,Gram,1616,3319,2405
2023-07-11,Madhya Pradesh,Ujjain,Bhopal,Maize,2974,3865,3073
2023-07-12,Madhya Pradesh,Indore,Bhopal,Wheat,2098,2712,2710
2023-07-13,Madhya Pradesh,Gwalior,Ujjain,Soybean,1909,3069,3270
2023-07-14,Madhya Pradesh,Gwalior,Bhopal,Paddy(Dhan),2890,2487,2296
2023-07-15,Madhya Pradesh,Ujjain,Sagar,Maize,2311,2618,3166
2023-07-16,Madhya Pradesh,Ujjain,Jabalpur,Soybean,2428,2169,2226
2023-07-17,Madhya Pradesh,Jabalpur,Ujjain,Gram,2636,2145,2617
2023-07-18,Madhya Pradesh,Sagar,Jabalpur,Soybean,2687,2867,2822
2023-07-19,Madhya Pradesh,Gwalior,Jabalpur,Wheat,1503,2419,2039
2023-07-20,Madhya Pradesh,Gwalior,Ujjain,Soybean,1522,3995,2882
2023-07-21,Madhya Pradesh,Jabalpur,Gwalior,Soybean,2420,3713,3350
2023-07-22,Madhya Pradesh,Gwalior,Bhopal,Gram,2244,2572,2596
2023-07-23,Madhya Pradesh,Indore,Indore,Gram,2101,3959,2002
2023-07-24,Madhya Pradesh,Ujjain,Indore,Paddy(Dhan),2487,3026,3289
2023-07-25,Madhya Pradesh,Ujjain,Indore,Gram,2615,3617,3119
2023-07-26,Madhya Pradesh,Sagar,Bhopal,Soybean,1968,3286,2086
2023-07-27,Madhya Pradesh,Ujjain,Gwalior,Wheat,2469,2798,1872
2023-07-28,Madhya Pradesh,Bhopal,Jabalpur,Gram,2678,2320,2525
2023-07-29,Madhya Pradesh,Indore,Ujjain,Paddy(Dhan),2126,3630,3346
2023-07-30,Madhya Pradesh,Indore,Gwalior,Paddy(Dhan),1706,3599,2136
2023-07-31,Madhya Pradesh,Jabalpur,Indore,Soybean,2513,2245,3141
2023-08-01,Madhya Pradesh,Bhopal,Sagar,Gram,1580,3612,2002
2023-08-02,Madhya Pradesh,Gwalior,Bhopal,Gram,2114,2476,2030
2023-08-03,Madhya Pradesh,Sagar,Bhopal,Paddy(Dhan),1982,3282,2703
2023-08-04,Madhya Pradesh,Indore,Ujjain,Gram,2091,3116,3386
2023-08-05,Madhya Pradesh,Bhopal,Sagar,Soybean,2930,3826,2880
2023-08-06,Madhya Pradesh,Bhopal,Jabalpur,Wheat,2626,2782,2443
2023-08-07,Madhya Pradesh,Indore,Gwalior,Soybean,2763,2532,3243
2023-08-08,Madhya Pradesh,Jabalpur,Sagar,Gram,2788,3597,2714
2023-08-09,Madhya Pradesh,Bhopal,Gwalior,Soybean,1532,3362,2079
2023-08-10,Madhya Pradesh,Ujjain,Gwalior,Maize,1534,3947,2608
2023-08-11,Madhya Pradesh,Bhopal,Jabalpur,Maize,2772,3283,3128
2023-08-12,Madhya Pradesh,Gwalior,Jabalpur,Gram,2499,2236,2265
2023-08-13,Madhya Pradesh,Indore,Jabalpur,Gram,2573,3164,2536
2023-08-14,Madhya Pradesh,Gwalior,Ujjain,Wheat,1779,2974,2997
2023-08-15,Madhya Pradesh,Jabalpur,Bhopal,Soybean,1651,3970,2603
2023-08-16,Madhya Pradesh,Sagar,Indore,Wheat,2200,3967,2065
2023-08-17,Madhya Pradesh,Ujjain,Jabalpur,Gram,2234,2678,2046
2023-08-18,Madhya Pradesh,Indore,Bhopal,Gram,2518,3503,1877
2023-08-19,Madhya Pradesh,Bhopal,Jabalpur,Paddy(Dhan),2753,2578,3470
2023-08-20,Madhya Pradesh,Ujjain,Indore,Wheat,2164,3373,3475
2023-08-21,Madhya Pradesh,Bhopal,Sagar,Gram,2422,3593,2653
2023-08-22,Madhya Pradesh,Jabalpur,Jabalpur,Maize,2811,3747,2052
2023-08-23,Madhya Pradesh,Sagar,Bhopal,Paddy(Dhan),2918,2129,2274
2023-08-24,Madhya Pradesh,Indore,Ujjain,Soybean,1952,3560,1975
2023-08-25,Madhya Pradesh,Jabalpur,Sagar,Paddy(Dhan),2119,2010,3244
2023-08-26,Madhya Pradesh,Jabalpur,Sagar,Soybean,2556,2256,2770
2023-08-27,Madhya Pradesh,Sagar,Sagar,Maize,2886,2815,3395
2023-08-28,Madhya Pradesh,Jabalpur,Indore,Soybean,2634,2368,3284
2023-08-29,Madhya Pradesh,Jabalpur,Bhopal,Wheat,2644,2943,2053
2023-08-30,Madhya Pradesh,Bhopal,Gwalior,Soybean,1515,3417,3343
2023-08-31,Madhya Pradesh,Gwalior,Gwalior,Soybean,2238,3616,2702
2023-09-01,Madhya Pradesh,Bhopal,Gwalior,Paddy(Dhan),2214,3821,1906
2023-09-02,Madhya Pradesh,Sagar,Ujjain,Maize,2213,3442,2994
2023-09-03,Madhya Pradesh,Ujjain,Jabalpur,Soybean,1597,2881,1857
2023-09-04,Madhya Pradesh,Sagar,Jabalpur,Wheat,1615,2018,3160
2023-09-05,Madhya Pradesh,Sagar,Jabalpur,Paddy(Dhan),2464,2109,3165
2023-09-06,Madhya Pradesh,Sagar,Ujjain,Maize,2994,3460,2741
2023-09-07,Madhya Pradesh,Sagar,Gwalior,Maize,2962,2504,3113
2023-09-08,Madhya Pradesh,Jabalpur,Sagar,Gram,2804,3057,1883
2023-09-09,Madhya Pradesh,Sagar,Jabalpur,Wheat,1848,3311,2940
2023-09-10,Madhya Pradesh,Ujjain,Sagar,Paddy(Dhan),1731,3867,2511
2023-09-11,Madhya Pradesh,Sagar,Sagar,Paddy(Dhan),2634,3002,3357
2023-09-12,Madhya Pradesh,Bhopal,Ujjain,Wheat,2875,2254,3042
2023-09-13,Madhya Pradesh,Jabalpur,Ujjain,Maize,2535,2637,2700
2023-09-14,Madhya Pradesh,Bhopal,Bhopal,Soybean,2483,3744,2925
2023-09-15,Madhya Pradesh,Jabalpur,Jabalpur,Wheat,2138,2133,2456
2023-09-16,Madhya Pradesh,Bhopal,Gwalior,Paddy(Dhan),1784,2498,2255
2023-09-17,Madhya Pradesh,Indore,Indore,Wheat,2135,2396,2458
2023-09-18,Madhya Pradesh,Gwalior,Ujjain,Maize,2044,3510,2572
2023-09-19,Madhya Pradesh,Gwalior,Sagar,Gram,1891,3621,2590
2023-09-20,Madhya Pradesh,Jabalpur,Bhopal,Gram,2693,3610,2650
2023-09-21,Madhya Pradesh,Indore,Indore,Soybean,1576,3983,2325
2023-09-22,Madhya Pradesh,Ujjain,Ujjain,Soybean,1796,2646,2065
2023-09-23,Madhya Pradesh,Indore,Bhopal,Maize,1829,3836,3110
2023-09-24,Madhya Pradesh,Jabalpur,Sagar,Soybean,2586,2684,1940
2023-09-25,Madhya Pradesh,Indore,Jabalpur,Gram,1769,3236,2694
2023-09-26,Madhya Pradesh,Ujjain,Bhopal,Maize,1715,3856,2205
2023-09-27,Madhya Pradesh,Jabalpur,Ujjain,Maize,2713,3373,2092
2023-09-28,Madhya Pradesh,Gwalior,Jabalpur,Maize,2598,2018,2854
2023-09-29,Madhya Pradesh,Sagar,Sagar,Wheat,2009,3010,2994
2023-09-30,Madhya Pradesh,Indore,Gwalior,Soybean,2078,2118,2154
2023-10-01,Madhya Pradesh,Gwalior,Bhopal,Paddy(Dhan),2616,3838,2004
2023-10-02,Madhya Pradesh,Gwalior,Indore,Gram,2576,2301,3301
2023-10-03,Madhya Pradesh,Bhopal,Sagar,Soybean,1995,3308,2793
2023-10-04,Madhya Pradesh,Ujjain,Jabalpur,Gram,2447,2226,2090
2023-10-05,Madhya Pradesh,Sagar,Sagar,Soybean,1593,3530,1910
2023-10-06,Madhya Pradesh,Indore,Jabalpur,Paddy(Dhan),2124,3524,2891
2023-10-07,Madhya Pradesh,Gwalior,Sagar,Gram,1728,3235,2172
2023-10-08,Madhya Pradesh,Gwalior,Gwalior,Paddy(Dhan),1749,2355,1995
2023-10-09,Madhya Pradesh,Ujjain,Bhopal,Gram,2914,2700,1925
2023-10-10,Madhya Pradesh,Sagar,Indore,Wheat,2220,2486,2061
2023-10-11,Madhya Pradesh,Sagar,Gwalior,Wheat,2479,3344,2686
2023-10-12,Madhya Pradesh,Gwalior,Bhopal,Gram,1681,3686,2723
2023-10-13,Madhya Pradesh,Gwalior,Indore,Gram,1766,2222,1954
2023-10-14,Madhya Pradesh,Gwalior,Sagar,Paddy(Dhan),2503,3663,3404
2023-10-15,Madhya Pradesh,Gwalior,Indore,Maize,1780,3783,1907
2023-10-16,Madhya Pradesh,Bhopal,Ujjain,Gram,2461,3586,3246
2023-10-17,Madhya Pradesh,Bhopal,Indore,Soybean,2166,3214,1834
2023-10-18,Madhya Pradesh,Sagar,Bhopal,Soybean,2606,2994,2867
2023-10-19,Madhya Pradesh,Jabalpur,Gwalior,Soybean,2709,2499,2454
2023-10-20,Madhya Pradesh,Indore,Gwalior,Wheat,2030,3518,2522
2023-10-21,Madhya Pradesh,Ujjain,Ujjain,Paddy(Dhan),2871,3260,2797
2023-10-22,Madhya Pradesh,Jabalpur,Bhopal,Wheat,1922,3045,2215
2023-10-23,Madhya Pradesh,Bhopal,Indore,Soybean,2480,3645,2799
2023-10-24,Madhya Pradesh,Bhopal,Ujjain,Gram,1953,3350,2084
2023-10-25,Madhya Pradesh,Bhopal,Sagar,Soybean,1766,3568,3270
2023-10-26,Madhya Pradesh,Jabalpur,Jabalpur,Gram,2006,3150,2317
2023-10-27,Madhya Pradesh,Bhopal,Sagar,Paddy(Dhan),2665,2364,1826
2023-10-28,Madhya Pradesh,Jabalpur,Bhopal,Maize,1815,3891,2026
2023-10-29,Madhya Pradesh,Bhopal,Ujjain,Gram,2263,3067,3248
2023-10-30,Madhya Pradesh,Gwalior,Gwalior,Wheat,2755,2518,3391
2023-10-31,Madhya Pradesh,Gwalior,Ujjain,Soybean,2820,3151,3191
2023-11-01,Madhya Pradesh,Indore,Jabalpur,Soybean,2397,3626,3133
2023-11-02,Madhya Pradesh,Bhopal,Bhopal,Soybean,2452,3153,2647
2023-11-03,Madhya Pradesh,Indore,Ujjain,Gram,2374,2528,2928
2023-11-04,Madhya Pradesh,Jabalpur,Sagar,Paddy(Dhan),2415,3344,1817
2023-11-05,Madhya Pradesh,Indore,Indore,Gram,1521,2185,3028
2023-11-06,Madhya Pradesh,Bhopal,Sagar,Wheat,1883,3645,1842
2023-11-07,Madhya Pradesh,Jabalpur,Bhopal,Soybean,2649,2797,1888
2023-11-08,Madhya Pradesh,Jabalpur,Ujjain,Gram,1602,2981,2385
2023-11-09,Madhya Pradesh,Gwalior,Sagar,Soybean,2399,2347,1956
2023-11-10,Madhya Pradesh,Jabalpur,Ujjain,Wheat,2232,3504,3089
2023-11-11,Madhya Pradesh,Jabalpur,Sagar,Maize,1609,2921,1933
2023-11-12,Madhya Pradesh,Indore,Bhopal,Maize,2995,3698,2263
2023-11-13,Madhya Pradesh,Sagar,Gwalior,Maize,2588,3982,3424
2023-11-14,Madhya Pradesh,Jabalpur,Sagar,Soybean,2995,3610,2955
2023-11-15,Madhya Pradesh,Ujjain,Indore,Gram,2169,3734,2540
2023-11-16,Madhya Pradesh,Sagar,Sagar,Soybean,2599,3947,2857
2023-11-17,Madhya Pradesh,Gwalior,Bhopal,Paddy(Dhan),2542,2920,1882
2023-11-18,Madhya Pradesh,Gwalior,Sagar,Gram,1883,2956,2728
2023-11-19,Madhya Pradesh,Jabalpur,Indore,Wheat,1689,2360,2955
2023-11-20,Madhya Pradesh,Indore,Indore,Maize,2261,3310,3251
2023-11-21,Madhya Pradesh,Sagar,Bhopal,Gram,1859,2181,2665
2023-11-22,Madhya Pradesh,Gwalior,Ujjain,Gram,2374,3474,2003
2023-11-23,Madhya Pradesh,Gwalior,Sagar,Maize,2385,2096,3159
2023-11-24,Madhya Pradesh,Ujjain,Gwalior,Wheat,2975,2562,2761
2023-11-25,Madhya Pradesh,Jabalpur,Indore,Soybean,1578,2313,2296
2023-11-26,Madhya Pradesh,Sagar,Indore,Soybean,2095,3569,2241
2023-11-27,Madhya Pradesh,Gwalior,Sagar,Gram,2695,2954,2627
2023-11-28,Madhya Pradesh,Gwalior,Ujjain,Maize,2735,2020,3081
2023-11-29,Madhya Pradesh,Gwalior,Sagar,Paddy(Dhan),2385,3719,3115
2023-11-30,Madhya Pradesh,Gwalior,Bhopal,Wheat,2514,2804,2948
2023-12-01,Madhya Pradesh,Indore,Gwalior,Soybean,2968,2575,3486
2023-12-02,Madhya Pradesh,Bhopal,Sagar,Wheat,1648,3520,2670
2023-12-03,Madhya Pradesh,Ujjain,Indore,Wheat,1509,2402,2998
2023-12-04,Madhya Pradesh,Indore,Indore,Wheat,2291,3147,3315
2023-12-05,Madhya Pradesh,Ujjain,Bhopal,Maize,2578,2612,2668
2023-12-06,Madhya Pradesh,Gwalior,Ujjain,Maize,2371,3142,1879
2023-12-07,Madhya Pradesh,Ujjain,Sagar,Maize,1679,3876,3442
2023-12-08,Madhya Pradesh,Jabalpur,Jabalpur,Gram,2243,3613,2611
2023-12-09,Madhya Pradesh,Jabalpur,Ujjain,Maize,1880,2969,2714
2023-12-10,Madhya Pradesh,Bhopal,Indore,Gram,2945,2692,3128
2023-12-11,Madhya Pradesh,Bhopal,Sagar,Soybean,1950,3734,3333
2023-12-12,Madhya Pradesh,Ujjain,Indore,Soybean,2616,3500,3167
2023-12-13,Madhya Pradesh,Indore,Gwalior,Soybean,2936,2958,2369
2023-12-14,Madhya Pradesh,Indore,Ujjain,Soybean,1893,2871,2914
2023-12-15,Madhya Pradesh,Gwalior,Jabalpur,Soybean,2464,3725,3470
2023-12-16,Madhya Pradesh,Indore,Gwalior,Maize,2854,2839,2661
2023-12-17,Madhya Pradesh,Bhopal,Jabalpur,Paddy(Dhan),1932,2102,1968
2023-12-18,Madhya Pradesh,Indore,Gwalior,Maize,2453,2332,3157
2023-12-19,Madhya Pradesh,Gwalior,Ujjain,Paddy(Dhan),2686,3901,3457
2023-12-20,Madhya Pradesh,Jabalpur,Indore,Maize,2445,3810,2811
2023-12-21,Madhya Pradesh,Indore,Jabalpur,Soybean,2563,3482,2035
2023-12-22,Madhya Pradesh,Indore,Ujjain,Wheat,2265,3153,2198
2023-12-23,Madhya Pradesh,Bhopal,Jabalpur,Paddy(Dhan),2407,2752,2387
2023-12-24,Madhya Pradesh,Ujjain,Ujjain,Wheat,1584,2133,2620
2023-12-25,Madhya Pradesh,Jabalpur,Gwalior,Soybean,2283,3180,2812
2023-12-26,Madhya Pradesh,Ujjain,Ujjain,Paddy(Dhan),2315,2424,2276
2023-12-27,Madhya Pradesh,Gwalior,Gwalior,Wheat,2614,3458,3358
2023-12-28,Madhya Pradesh,Gwalior,Indore,Maize,2908,3412,2644
2023-12-29,Madhya Pradesh,Ujjain,Gwalior,Soybean,2716,2936,2384
2023-12-30,Madhya Pradesh,Bhopal,Bhopal,Maize,2776,3341,2911
2023-12-31,Madhya Pradesh,Sagar,Indore,Maize,2767,3693,2414
2024-01-01,Madhya Pradesh,Bhopal,Sagar,Soybean,2206,2504,2405
2024-01-02,Madhya Pradesh,Sagar,Sagar,Paddy(Dhan),1769,2870,2760
2024-01-03,Madhya Pradesh,Sagar,Ujjain,Gram,2340,2189,2577
2024-01-04,Madhya Pradesh,Bhopal,Ujjain,Gram,2542,2611,3076
2024-01-05,Madhya Pradesh,Sagar,Bhopal,Soybean,2563,3434,2157
2024-01-06,Madhya Pradesh,Sagar,Ujjain,Gram,2015,3969,2881
2024-01-07,Madhya Pradesh,Sagar,Indore,Wheat,2556,2051,3222
2024-01-08,Madhya Pradesh,Jabalpur,Indore,Paddy(Dhan),1949,3584,2320
2024-01-09,Madhya Pradesh,Gwalior,Gwalior,Maize,2184,3469,2324
2024-01-10,Madhya Pradesh,Sagar,Jabalpur,Maize,2124,2611,3240
2024-01-11,Madhya Pradesh,Gwalior,Ujjain,Soybean,2384,3467,2192
2024-01-12,Madhya Pradesh,Gwalior,Bhopal,Maize,1818,3405,3466
2024-01-13,Madhya Pradesh,Jabalpur,Sagar,Wheat,2647,3786,3045
2024-01-14,Madhya Pradesh,Gwalior,Indore,Wheat,2895,2373,3152
2024-01-15,Madhya Pradesh,Ujjain,Indore,Soybean,2874,3999,3195
2024-01-16,Madhya Pradesh,Indore,Indore,Maize,2846,3589,3334
2024-01-17,Madhya Pradesh,Jabalpur,Jabalpur,Gram,1987,2374,1952
2024-01-18,Madhya Pradesh,Indore,Jabalpur,Gram,1950,2388,2692
2024-01-19,Madhya Pradesh,Ujjain,Ujjain,Paddy(Dhan),1852,3672,2783
2024-01-20,Madhya Pradesh,Bhopal,Sagar,Soybean,2639,2673,2279
2024-01-21,Madhya Pradesh,Bhopal,Bhopal,Paddy(Dhan),2454,3889,2382
2024-01-22,Madhya Pradesh,Sagar,Jabalpur,Gram,2536,2803,2656
2024-01-23,Madhya Pradesh,Bhopal,Gwalior,Gram,1819,3502,1819
2024-01-24,Madhya Pradesh,Jabalpur,Jabalpur,Gram,2688,2403,2392
2024-01-25,Madhya Pradesh,Bhopal,Indore,Paddy(Dhan),1584,2592,2027
2024-01-26,Madhya Pradesh,Jabalpur,Bhopal,Soybean,1747,3491,3169
2024-01-27,Madhya Pradesh,Jabalpur,Ujjain,Wheat,2955,2731,1818
2024-01-28,Madhya Pradesh,Indore,Jabalpur,Wheat,2067,3620,2243
2024-01-29,Madhya Pradesh,Bhopal,Indore,Gram,2183,2504,2167
2024-01-30,Madhya Pradesh,Gwalior,Gwalior,Soybean,2143,2082,2698
2024-01-31,Madhya Pradesh,Bhopal,Gwalior,Soybean,1978,2318,3442
2024-02-01,Madhya Pradesh,Bhopal,Ujjain,Maize,2212,3090,2688
2024-02-02,Madhya Pradesh,Bhopal,Ujjain,Maize,1867,2413,2525
2024-02-03,Madhya Pradesh,Sagar,Jabalpur,Paddy(Dhan),1856,2452,1946
2024-02-04,Madhya Pradesh,Gwalior,Ujjain,Maize,1907,2745,3327
2024-02-05,Madhya Pradesh,Gwalior,Sagar,Paddy(Dhan),2868,2197,2229
2024-02-06,Madhya Pradesh,Jabalpur,Sagar,Wheat,1678,2258,2647
2024-02-07,Madhya Pradesh,Gwalior,Indore,Gram,2948,3712,3263
2024-02-08,Madhya Pradesh,Jabalpur,Indore,Soybean,2966,2297,1997
2024-02-09,Madhya Pradesh,Indore,Indore,Wheat,2829,3303,2796
2024-02-10,Madhya Pradesh,Jabalpur,Sagar,Wheat,1866,2299,3110
2024-02-11,Madhya Pradesh,Bhopal,Jabalpur,Paddy(Dhan),2559,2128,2364
2024-02-12,Madhya Pradesh,Ujjain,Jabalpur,Gram,1962,2497,2168
2024-02-13,Madhya Pradesh,Ujjain,Ujjain,Paddy(Dhan),2327,3906,3063
2024-02-14,Madhya Pradesh,Sagar,Jabalpur,Wheat,2669,2437,2601
2024-02-15,Madhya Pradesh,Bhopal,Indore,Soybean,1645,3715,3110
2024-02-16,Madhya Pradesh,Jabalpur,Bhopal,Maize,1879,3315,2499
2024-02-17,Madhya Pradesh,Bhopal,Indore,Paddy(Dhan),1667,2206,3218
2024-02-18,Madhya Pradesh,Sagar,Sagar,Wheat,2798,2293,2795
2024-02-19,Madhya Pradesh,Gwalior,Bhopal,Maize,1586,3963,2317
2024-02-20,Madhya Pradesh,Jabalpur,Ujjain,Maize,1653,3873,2574
2024-02-21,Madhya Pradesh,Bhopal,Gwalior,Wheat,1996,3710,2360
2024-02-22,Madhya Pradesh,Gwalior,Jabalpur,Gram,1814,2028,1859
2024-02-23,Madhya Pradesh,Sagar,Jabalpur,Wheat,2222,2178,2344
2024-02-24,Madhya Pradesh,Gwalior,Sagar,Soybean,2797,2040,2816
2024-02-25,Madhya Pradesh,Jabalpur,Indore,Maize,2263,3493,2102
2024-02-26,Madhya Pradesh,Sagar,Indore,Soybean,1761,3215,3067
2024-02-27,Madhya Pradesh,Sagar,Bhopal,Paddy(Dhan),1986,2343,3030
2024-02-28,Madhya Pradesh,Sagar,Jabalpur,Maize,1953,3772,3198
2024-02-29,Madhya Pradesh,Indore,Sagar,Gram,1942,2815,2082
2024-03-01,Madhya Pradesh,Sagar,Ujjain,Wheat,2785,3996,2277
2024-03-02,Madhya Pradesh,Indore,Indore,Paddy(Dhan),2042,2736,2845
2024-03-03,Madhya Pradesh,Gwalior,Jabalpur,Soybean,2628,2625,2358
2024-03-04,Madhya Pradesh,Indore,Gwalior,Paddy(Dhan),1849,2277,2148
2024-03-05,Madhya Pradesh,Gwalior,Sagar,Gram,2323,3378,3312
2024-03-06,Madhya Pradesh,Indore,Bhopal,Wheat,1937,2528,2469
2024-03-07,Madhya Pradesh,Gwalior,Indore,Paddy(Dhan),1668,2085,2057
2024-03-08,Madhya Pradesh,Gwalior,Indore,Soybean,2866,3924,2454
2024-03-09,Madhya Pradesh,Sagar,Ujjain,Paddy(Dhan),2753,2316,2870
2024-03-10,Madhya Pradesh,Sagar,Indore,Wheat,1522,3880,2850
2024-03-11,Madhya Pradesh,Gwalior,Sagar,Paddy(Dhan),2487,3925,2850
2024-03-12,Madhya Pradesh,Sagar,Jabalpur,Soybean,2175,2692,3220
2024-03-13,Madhya Pradesh,Gwalior,Jabalpur,Wheat,1780,3360,1944
2024-03-14,Madhya Pradesh,Sagar,Jabalpur,Gram,2221,2862,2386
2024-03-15,Madhya Pradesh,Ujjain,Gwalior,Gram,1752,3168,2321
2024-03-16,Madhya Pradesh,Indore,Gwalior,Maize,1903,2314,2944
2024-03-17,Madhya Pradesh,Gwalior,Indore,Paddy(Dhan),1632,2224,2600
2024-03-18,Madhya Pradesh,Bhopal,Gwalior,Soybean,2797,3446,3285
2024-03-19,Madhya Pradesh,Sagar,Gwalior,Paddy(Dhan),2117,3077,2181
2024-03-20,Madhya Pradesh,Sagar,Ujjain,Wheat,1731,3917,2575
2024-03-21,Madhya Pradesh,Jabalpur,Gwalior,Maize,2044,3967,2472
2024-03-22,Madhya Pradesh,Bhopal,Bhopal,Soybean,1578,3956,3241
2024-03-23,Madhya Pradesh,Bhopal,Bhopal,Paddy(Dhan),2558,3839,2126
2024-03-24,Madhya Pradesh,Ujjain,Bhopal,Soybean,1994,2067,3214
2024-03-25,Madhya Pradesh,Indore,Indore,Wheat,2633,3642,3120
2024-03-26,Madhya Pradesh,Ujjain,Jabalpur,Maize,2844,3357,2429
2024-03-27,Madhya Pradesh,Indore,Ujjain,Soybean,1827,3020,1883
2024-03-28,Madhya Pradesh,Gwalior,Indore,Wheat,2466,3100,1945
2024-03-29,Madhya Pradesh,Ujjain,Jabalpur,Gram,2189,3562,2994
2024-03-30,Madhya Pradesh,Jabalpur,Ujjain,Soybean,1883,2855,3157
2024-03-31,Madhya Pradesh,Indore,Ujjain,Maize,2887,3178,2223
2024-04-01,Madhya Pradesh,Ujjain,Ujjain,Soybean,2755,3095,3132
2024-04-02,Madhya Pradesh,Jabalpur,Bhopal,Soybean,2937,3524,3349
2024-04-03,Madhya Pradesh,Bhopal,Bhopal,Wheat,2817,3470,2460
2024-04-04,Madhya Pradesh,Sagar,Bhopal,Paddy(Dhan),2046,3715,2562
2024-04-05,Madhya Pradesh,Gwalior,Ujjain,Paddy(Dhan),2697,3582,2368
2024-04-06,Madhya Pradesh,Gwalior,Sagar,Soybean,1891,3777,2146
2024-04-07,Madhya Pradesh,Bhopal,Ujjain,Maize,2625,3382,3125
2024-04-08,Madhya Pradesh,Ujjain,Bhopal,Maize,2816,3300,2146
2024-04-09,Madhya Pradesh,Sagar,Ujjain,Wheat,2608,2882,2207
2024-04-10,Madhya Pradesh,Bhopal,Bhopal,Soybean,2408,3336,1932
2024-04-11,Madhya Pradesh,Jabalpur,Bhopal,Soybean,2724,3128,2413
2024-04-12,Madhya Pradesh,Sagar,Bhopal,Paddy(Dhan),2184,2970,2787
2024-04-13,Madhya Pradesh,Indore,Sagar,Wheat,2040,3118,1905
2024-04-14,Madhya Pradesh,Ujjain,Jabalpur,Gram,1796,3242,1970
2024-04-15,Madhya Pradesh,Sagar,Ujjain,Maize,1555,3705,2439
2024-04-16,Madhya Pradesh,Indore,Indore,Maize,2995,3901,3073
2024-04-17,Madhya Pradesh,Bhopal,Bhopal,Soybean,2539,3967,3367
2024-04-18,Madhya Pradesh,Gwalior,Sagar,Wheat,1565,3818,2061
2024-04-19,Madhya Pradesh,Sagar,Indore,Gram,2457,3151,2293
2024-04-20,Madhya Pradesh,Sagar,Jabalpur,Maize,2995,2199,3067
2024-04-21,Madhya Pradesh,Indore,Ujjain,Wheat,2546,3952,3274
2024-04-22,Madhya Pradesh,Indore,Sagar,Gram,2201,2331,2702
2024-04-23,Madhya Pradesh,Gwalior,Bhopal,Soybean,2259,2546,2089
2024-04-24,Madhya Pradesh,Indore,Bhopal,Paddy(Dhan),1985,3889,3086
2024-04-25,Madhya Pradesh,Indore,Bhopal,Maize,2938,3679,3137
2024-04-26,Madhya Pradesh,Sagar,Sagar,Maize,2320,3315,1884
2024-04-27,Madhya Pradesh,Gwalior,Indore,Gram,2387,2065,3238
2024-04-28,Madhya Pradesh,Gwalior,Jabalpur,Paddy(Dhan),2828,3995,3152
2024-04-29,Madhya Pradesh,Sagar,Ujjain,Wheat,1676,2730,1844
2024-04-30,Madhya Pradesh,Bhopal,Jabalpur,Soybean,1694,2567,2614
2024-05-01,Madhya Pradesh,Bhopal,Bhopal,Wheat,2536,2656,2132
2024-05-02,Madhya Pradesh,Sagar,Jabalpur,Gram,2375,2403,2264
2024-05-03,Madhya Pradesh,Indore,Indore,Maize,1665,3748,1999
2024-05-04,Madhya Pradesh,Ujjain,Gwalior,Maize,2673,3629,3024
2024-05-05,Madhya Pradesh,Bhopal,Gwalior,Wheat,2864,2617,2128
2024-05-06,Madhya Pradesh,Bhopal,Ujjain,Soybean,2056,2595,2039
2024-05-07,Madhya Pradesh,Sagar,Ujjain,Gram,2697,2647,2597
2024-05-08,Madhya Pradesh,Sagar,Jabalpur,Soybean,1666,2145,2501
2024-05-09,Madhya Pradesh,Ujjain,Ujjain,Gram,2208,2760,2382
2024-05-10,Madhya Pradesh,Ujjain,Sagar,Soybean,2217,3553,2456
2024-05-11,Madhya Pradesh,Gwalior,Indore,Wheat,1596,3425,3182
2024-05-12,Madhya Pradesh,Sagar,Bhopal,Paddy(Dhan),2178,2124,2520
2024-05-13,Madhya Pradesh,Bhopal,Bhopal,Gram,1903,3537,2159
2024-05-14,Madhya Pradesh,Jabalpur,Jabalpur,Wheat,2600,3355,3201
2024-05-15,Madhya Pradesh,Jabalpur,Bhopal,Maize,2760,2479,2184
2024-05-16,Madhya Pradesh,Indore,Jabalpur,Maize,1790,3001,3288
2024-05-17,Madhya Pradesh,Bhopal,Ujjain,Soybean,1635,2711,3045
2024-05-18,Madhya Pradesh,Jabalpur,Ujjain,Maize,2388,3970,2598
2024-05-19,Madhya Pradesh,Bhopal,Sagar,Paddy(Dhan),2380,3673,3498
2024-05-20,Madhya Pradesh,Sagar,Sagar,Gram,1866,2714,2164
2024-05-21,Madhya Pradesh,Bhopal,Indore,Soybean,2047,3421,1871
2024-05-22,Madhya Pradesh,Jabalpur,Bhopal,Gram,2401,3817,3063
2024-05-23,Madhya Pradesh,Bhopal,Sagar,Gram,1747,2814,2303
2024-05-24,Madhya Pradesh,Ujjain,Indore,Wheat,2265,3053,3237
2024-05-25,Madhya Pradesh,Indore,Gwalior,Maize,2737,2055,1926
2024-05-26,Madhya Pradesh,Gwalior,Sagar,Gram,1569,3654,3310
2024-05-27,Madhya Pradesh,Jabalpur,Indore,Paddy(Dhan),2245,3961,3420
2024-05-28,Madhya Pradesh,Sagar,Jabalpur,Paddy(Dhan),2495,2131,3350
2024-05-29,Madhya Pradesh,Gwalior,Jabalpur,Maize,1828,2230,3071
2024-05-30,Madhya Pradesh,Indore,Indore,Maize,2539,2394,2281
2024-05-31,Madhya Pradesh,Ujjain,Ujjain,Soybean,2697,3175,3135
2024-06-01,Madhya Pradesh,Ujjain,Gwalior,Soybean,2198,3525,3267
2024-06-02,Madhya Pradesh,Ujjain,Indore,Soybean,2305,2981,2082
2024-06-03,Madhya Pradesh,Ujjain,Sagar,Maize,1773,2962,2825
2024-06-04,Madhya Pradesh,Jabalpur,Ujjain,Gram,2023,2932,1873
2024-06-05,Madhya Pradesh,Jabalpur,Indore,Wheat,1718,3529,2887
2024-06-06,Madhya Pradesh,Bhopal,Bhopal,Soybean,2523,3409,2572
2024-06-07,Madhya Pradesh,Sagar,Sagar,Wheat,2012,2907,2146
2024-06-08,Madhya Pradesh,Bhopal,Sagar,Paddy(Dhan),2922,2532,2123
2024-06-09,Madhya Pradesh,Sagar,Jabalpur,Maize,2634,2964,2038
2024-06-10,Madhya Pradesh,Indore,Bhopal,Paddy(Dhan),1963,3990,3220
2024-06-11,Madhya Pradesh,Bhopal,Bhopal,Soybean,2616,2447,2136
2024-06-12,Madhya Pradesh,Indore,Sagar,Gram,1950,3603,2140
2024-06-13,Madhya Pradesh,Indore,Gwalior,Soybean,2919,2125,3102
2024-06-14,Madhya Pradesh,Indore,Ujjain,Wheat,2423,2554,3176
2024-06-15,Madhya Pradesh,Ujjain,Jabalpur,Soybean,2432,2693,2745
2024-06-16,Madhya Pradesh,Gwalior,Bhopal,Gram,1978,2488,2691
2024-06-17,Madhya Pradesh,Gwalior,Jabalpur,Gram,1815,2611,3286
2024-06-18,Madhya Pradesh,Jabalpur,Sagar,Maize,2170,2890,2261
2024-06-19,Madhya Pradesh,Indore,Ujjain,Maize,2197,2445,3116
2024-06-20,Madhya Pradesh,Ujjain,Indore,Gram,2492,3493,2597
2024-06-21,Madhya Pradesh,Bhopal,Bhopal,Gram,2876,3372,2532
2024-06-22,Madhya Pradesh,Bhopal,Ujjain,Wheat,2267,2507,3230
2024-06-23,Madhya Pradesh,Jabalpur,Jabalpur,Soybean,2762,2456,1961
2024-06-24,Madhya Pradesh,Jabalpur,Sagar,Maize,2627,2985,3326
2024-06-25,Madhya Pradesh,Indore,Ujjain,Wheat,2406,3931,2247
2024-06-26,Madhya Pradesh,Indore,Indore,Soybean,2377,3775,3278
2024-06-27,Madhya Pradesh,Bhopal,Ujjain,Maize,2552,2384,2064
2024-06-28,Madhya Pradesh,Bhopal,Sagar,Wheat,1588,2711,2809
2024-06-29,Madhya Pradesh,Bhopal,Jabalpur,Paddy(Dhan),1874,2928,1931
2024-06-30,Madhya Pradesh,Bhopal,Bhopal,Paddy(Dhan),2920,3471,1919
2024-07-01,Madhya Pradesh,Gwalior,Bhopal,Maize,1863,3651,3042
2024-07-02,Madhya Pradesh,Indore,Gwalior,Wheat,1646,3138,3240
2024-07-03,Madhya Pradesh,Indore,Jabalpur,Soybean,1813,2451,2471
2024-07-04,Madhya Pradesh,Bhopal,Gwalior,Soybean,2047,2653,2304
2024-07-05,Madhya Pradesh,Ujjain,Gwalior,Wheat,2295,3142,3123
2024-07-06,Madhya Pradesh,Bhopal,Sagar,Paddy(Dhan),2975,3116,1908
2024-07-07,Madhya Pradesh,Sagar,Sagar,Wheat,2398,3933,3061
2024-07-08,Madhya Pradesh,Jabalpur,Sagar,Paddy(Dhan),1600,2520,2092
2024-07-09,Madhya Pradesh,Sagar,Indore,Paddy(Dhan),1606,3608,2787
2024-07-10,Madhya Pradesh,Ujjain,Jabalpur,Soybean,2356,2537,3402
2024-07-11,Madhya Pradesh,Jabalpur,Bhopal,Maize,2436,3456,2627
2024-07-12,Madhya Pradesh,Ujjain,Jabalpur,Gram,1790,3774,1986
2024-07-13,Madhya Pradesh,Jabalpur,Sagar,Wheat,2872,3897,2859
2024-07-14,Madhya Pradesh,Bhopal,Indore,Paddy(Dhan),2116,2144,3384
2024-07-15,Madhya Pradesh,Bhopal,Jabalpur,Wheat,2087,3091,2055
2024-07-16,Madhya Pradesh,Ujjain,Jabalpur,Maize,2750,2699,3258
2024-07-17,Madhya Pradesh,Jabalpur,Gwalior,Maize,2095,3901,3442
2024-07-18,Madhya Pradesh,Gwalior,Jabalpur,Gram,2476,2130,2831
2024-07-19,Madhya Pradesh,Ujjain,Gwalior,Gram,2573,2732,2547
2024-07-20,Madhya Pradesh,Ujjain,Gwalior,Paddy(Dhan),2367,3304,3001
2024-07-21,Madhya Pradesh,Sagar,Ujjain,Gram,2469,3812,3065
2024-07-22,Madhya Pradesh,Indore,Sagar,Paddy(Dhan),2221,3675,1840
2024-07-23,Madhya Pradesh,Ujjain,Indore,Soybean,1657,3589,3180
2024-07-24,Madhya Pradesh,Gwalior,Gwalior,Paddy(Dhan),1827,2512,2556
2024-07-25,Madhya Pradesh,Bhopal,Jabalpur,Gram,2600,2639,1912
2024-07-26,Madhya Pradesh,Jabalpur,Gwalior,Wheat,2234,2000,2567
2024-07-27,Madhya Pradesh,Indore,Gwalior,Gram,2132,3708,2989
2024-07-28,Madhya Pradesh,Jabalpur,Gwalior,Maize,2977,3965,3327
2024-07-29,Madhya Pradesh,Bhopal,Bhopal,Gram,2833,2431,2653
2024-07-30,Madhya Pradesh,Ujjain,Bhopal,Soybean,1826,2390,1877
2024-07-31,Madhya Pradesh,Sagar,Bhopal,Paddy(Dhan),2007,3289,2518
2024-08-01,Madhya Pradesh,Gwalior,Bhopal,Maize,2369,2398,2677
2024-08-02,Madhya Pradesh,Indore,Ujjain,Paddy(Dhan),2630,2807,3019
2024-08-03,Madhya Pradesh,Gwalior,Gwalior,Paddy(Dhan),1740,3279,2201
2024-08-04,Madhya Pradesh,Gwalior,Ujjain,Gram,1934,2394,2632
2024-08-05,Madhya Pradesh,Gwalior,Jabalpur,Wheat,2551,2951,1863
2024-08-06,Madhya Pradesh,Gwalior,Sagar,Maize,2203,2173,2451
2024-08-07,Madhya Pradesh,Bhopal,Indore,Soybean,2772,3068,2685
2024-08-08,Madhya Pradesh,Gwalior,Ujjain,Soybean,2887,2854,3248
2024-08-09,Madhya Pradesh,Sagar,Bhopal,Wheat,2995,3164,2865
2024-08-10,Madhya Pradesh,Gwalior,Bhopal,Wheat,2088,2538,2172
2024-08-11,Madhya Pradesh,Bhopal,Jabalpur,Gram,1912,2744,2105
2024-08-12,Madhya Pradesh,Jabalpur,Gwalior,Soybean,2068,2720,2008
2024-08-13,Madhya Pradesh,Bhopal,Indore,Maize,2688,2049,2266
2024-08-14,Madhya Pradesh,Sagar,Ujjain,Wheat,2488,3084,2731
2024-08-15,Madhya Pradesh,Sagar,Gwalior,Wheat,2571,2242,3127
2024-08-16,Madhya Pradesh,Ujjain,Gwalior,Wheat,1983,3292,3408
2024-08-17,Madhya Pradesh,Bhopal,Sagar,Maize,2681,3163,3215
2024-08-18,Madhya Pradesh,Jabalpur,Sagar,Soybean,2167,3180,2976
2024-08-19,Madhya Pradesh,Ujjain,Ujjain,Maize,1650,2596,2446
2024-08-20,Madhya Pradesh,Ujjain,Ujjain,Maize,1724,3619,2161
2024-08-21,Madhya Pradesh,Indore,Ujjain,Gram,2783,2275,3087
2024-08-22,Madhya Pradesh,Gwalior,Ujjain,Wheat,2910,3054,3039
2024-08-23,Madhya Pradesh,Ujjain,Bhopal,Soybean,1755,2007,2520
2024-08-24,Madhya Pradesh,Ujjain,Gwalior,Gram,1560,3815,2515
2024-08-25,Madhya Pradesh,Sagar,Gwalior,Gram,1895,2714,3445
2024-08-26,Madhya Pradesh,Jabalpur,Bhopal,Paddy(Dhan),2920,3958,2342
2024-08-27,Madhya Pradesh,Ujjain,Gwalior,Wheat,2685,2032,3347
2024-08-28,Madhya Pradesh,Jabalpur,Ujjain,Soybean,1879,2809,3462
2024-08-29,Madhya Pradesh,Gwalior,Indore,Soybean,2966,3678,1993
2024-08-30,Madhya Pradesh,Sagar,Sagar,Soybean,1848,3475,2451
2024-08-31,Madhya Pradesh,Indore,Sagar,Wheat,1530,3472,2850
2024-09-01,Madhya Pradesh,Indore,Gwalior,Soybean,1570,2927,2869
2024-09-02,Madhya Pradesh,Gwalior,Indore,Maize,1896,3930,2446
2024-09-03,Madhya Pradesh,Gwalior,Sagar,Maize,2961,2861,2753
2024-09-04,Madhya Pradesh,Sagar,Indore,Wheat,1501,2036,2881
2024-09-05,Madhya Pradesh,Sagar,Bhopal,Soybean,2428,3682,2836
2024-09-06,Madhya Pradesh,Bhopal,Jabalpur,Paddy(Dhan),2061,3970,2748
2024-09-07,Madhya Pradesh,Ujjain,Gwalior,Paddy(Dhan),2658,3763,3435
2024-09-08,Madhya Pradesh,Ujjain,Bhopal,Paddy(Dhan),1645,2033,2760
2024-09-09,Madhya Pradesh,Ujjain,Bhopal,Maize,1678,2454,1848
2024-09-10,Madhya Pradesh,Jabalpur,Indore,Paddy(Dhan),1763,2443,2602
2024-09-11,Madhya Pradesh,Bhopal,Gwalior,Soybean,2834,3260,2917
2024-09-12,Madhya Pradesh,Ujjain,Bhopal,Soybean,1703,2211,2406
2024-09-13,Madhya Pradesh,Jabalpur,Ujjain,Paddy(Dhan),2198,3844,3480
2024-09-14,Madhya Pradesh,Jabalpur,Bhopal,Gram,2553,3163,3407
2024-09-15,Madhya Pradesh,Indore,Ujjain,Paddy(Dhan),1558,2701,3274
2024-09-16,Madhya Pradesh,Jabalpur,Jabalpur,Gram,2532,2607,3202
2024-09-17,Madhya Pradesh,Gwalior,Ujjain,Wheat,2487,3729,1809
2024-09-18,Madhya Pradesh,Sagar,Ujjain,Wheat,2847,2981,2473
2024-09-19,Madhya Pradesh,Jabalpur,Indore,Soybean,1666,2360,2525
2024-09-20,Madhya Pradesh,Gwalior,Bhopal,Maize,2860,2303,2315
2024-09-21,Madhya Pradesh,Gwalior,Jabalpur,Soybean,2406,2295,2023
2024-09-22,Madhya Pradesh,Indore,Bhopal,Soybean,2902,2151,3204
2024-09-23,Madhya Pradesh,Indore,Ujjain,Maize,2397,3969,3364
2024-09-24,Madhya Pradesh,Jabalpur,Sagar,Soybean,2290,3246,3125
2024-09-25,Madhya Pradesh,Indore,Ujjain,Maize,1741,3219,2002
2024-09-26,Madhya Pradesh,Indore,Bhopal,Soybean,2407,2599,2741
2024-09-27,Madhya Pradesh,Sagar,Jabalpur,Wheat,2683,3322,2388
2024-09-28,Madhya Pradesh,Ujjain,Sagar,Gram,2276,3552,2370
2024-09-29,Madhya Pradesh,Jabalpur,Jabalpur,Soybean,2758,3511,2756
2024-09-30,Madhya Pradesh,Jabalpur,Indore,Gram,2976,2210,1995
2024-10-01,Madhya Pradesh,Jabalpur,Ujjain,Paddy(Dhan),1698,2231,3145
2024-10-02,Madhya Pradesh,Indore,Ujjain,Soybean,2556,2869,2217
2024-10-03,Madhya Pradesh,Sagar,Indore,Wheat,1907,2694,3442
2024-10-04,Madhya Pradesh,Indore,Bhopal,Maize,2612,3697,3165
2024-10-05,Madhya Pradesh,Gwalior,Ujjain,Wheat,1720,2366,3212
2024-10-06,Madhya Pradesh,Bhopal,Bhopal,Gram,2592,2480,1808
2024-10-07,Madhya Pradesh,Bhopal,Jabalpur,Maize,2817,3605,2331
2024-10-08,Madhya Pradesh,Bhopal,Sagar,Wheat,2760,2571,1948
2024-10-09,Madhya Pradesh,Ujjain,Sagar,Wheat,2683,3202,2182
2024-10-10,Madhya Pradesh,Indore,Sagar,Wheat,2339,3507,3352
2024-10-11,Madhya Pradesh,Gwalior,Gwalior,Maize,2287,3612,2835
2024-10-12,Madhya Pradesh,Gwalior,Indore,Wheat,2813,3518,2275
2024-10-13,Madhya Pradesh,Bhopal,Sagar,Wheat,2053,3992,3417
2024-10-14,Madhya Pradesh,Sagar,Ujjain,Gram,2077,3570,2378
2024-10-15,Madhya Pradesh,Ujjain,Indore,Wheat,2032,2929,3468
2024-10-16,Madhya Pradesh,Ujjain,Jabalpur,Wheat,1834,3039,2876
2024-10-17,Madhya Pradesh,Bhopal,Jabalpur,Paddy(Dhan),2520,2465,3259
2024-10-18,Madhya Pradesh,Bhopal,Jabalpur,Maize,1745,3425,2005
2024-10-19,Madhya Pradesh,Indore,Jabalpur,Paddy(Dhan),2846,2293,2785
2024-10-20,Madhya Pradesh,Sagar,Gwalior,Gram,2110,2170,2714
2024-10-21,Madhya Pradesh,Ujjain,Bhopal,Paddy(Dhan),1828,3055,2544
2024-10-22,Madhya Pradesh,Gwalior,Bhopal,Soybean,2046,2262,2712
2024-10-23,Madhya Pradesh,Bhopal,Sagar,Maize,1838,3238,1853
2024-10-24,Madhya Pradesh,Indore,Gwalior,Wheat,2694,2557,2801
2024-10-25,Madhya Pradesh,Gwalior,Bhopal,Paddy(Dhan),2633,2188,3403
2024-10-26,Madhya Pradesh,Ujjain,Jabalpur,Paddy(Dhan),2493,2785,3313
2024-10-27,Madhya Pradesh,Bhopal,Bhopal,Wheat,2306,2582,2143
2024-10-28,Madhya Pradesh,Sagar,Indore,Wheat,2533,3001,2992
2024-10-29,Madhya Pradesh,Bhopal,Sagar,Gram,2725,3831,2984
2024-10-30,Madhya Pradesh,Sagar,Bhopal,Paddy(Dhan),2780,2599,3350
2024-10-31,Madhya Pradesh,Indore,Indore,Paddy(Dhan),2785,2845,2502
2024-11-01,Madhya Pradesh,Indore,Ujjain,Soybean,2192,3969,2326
2024-11-02,Madhya Pradesh,Ujjain,Indore,Soybean,1929,3284,3110
2024-11-03,Madhya Pradesh,Sagar,Indore,Paddy(Dhan),2589,3205,2211
2024-11-04,Madhya Pradesh,Bhopal,Jabalpur,Soybean,2305,3528,3345
2024-11-05,Madhya Pradesh,Indore,Jabalpur,Paddy(Dhan),2111,2341,2368
2024-11-06,Madhya Pradesh,Bhopal,Sagar,Maize,1534,2953,1998
2024-11-07,Madhya Pradesh,Ujjain,Jabalpur,Gram,2056,2021,2984
2024-11-08,Madhya Pradesh,Sagar,Indore,Soybean,1990,3097,2574
2024-11-09,Madhya Pradesh,Bhopal,Gwalior,Paddy(Dhan),1753,3625,2188
2024-11-10,Madhya Pradesh,Gwalior,Jabalpur,Soybean,1516,3870,2273
2024-11-11,Madhya Pradesh,Bhopal,Jabalpur,Gram,1760,2165,3204
2024-11-12,Madhya Pradesh,Jabalpur,Indore,Maize,2779,2233,2564
2024-11-13,Madhya Pradesh,Jabalpur,Ujjain,Wheat,2227,3398,3454
2024-11-14,Madhya Pradesh,Ujjain,Ujjain,Wheat,2947,3456,2391
2024-11-15,Madhya Pradesh,Ujjain,Bhopal,Soybean,2000,2640,2947
2024-11-16,Madhya Pradesh,Ujjain,Sagar,Paddy(Dhan),2515,3357,2895
2024-11-17,Madhya Pradesh,Gwalior,Ujjain,Gram,1785,3827,2781
2024-11-18,Madhya Pradesh,Sagar,Jabalpur,Maize,1506,2606,2793
2024-11-19,Madhya Pradesh,Gwalior,Gwalior,Maize,2722,2539,1967
2024-11-20,Madhya Pradesh,Bhopal,Bhopal,Maize,2158,3889,2083
2024-11-21,Madhya Pradesh,Indore,Sagar,Wheat,2436,3058,3317
2024-11-22,Madhya Pradesh,Sagar,Gwalior,Gram,2941,3467,2859
2024-11-23,Madhya Pradesh,Jabalpur,Gwalior,Wheat,1551,3254,2623
2024-11-24,Madhya Pradesh,Jabalpur,Jabalpur,Soybean,1742,2317,2998
2024-11-25,Madhya Pradesh,Jabalpur,Indore,Maize,2742,2342,3022
2024-11-26,Madhya Pradesh,Bhopal,Indore,Gram,2017,3453,2939
2024-11-27,Madhya Pradesh,Bhopal,Indore,Maize,2469,3899,3138
2024-11-28,Madhya Pradesh,Ujjain,Ujjain,Wheat,1608,2978,3043
2024-11-29,Madhya Pradesh,Indore,Indore,Wheat,2874,2636,2690
2024-11-30,Madhya Pradesh,Ujjain,Sagar,Wheat,2420,3489,3401
2024-12-01,Madhya Pradesh,Bhopal,Jabalpur,Maize,1565,2078,1933
2024-12-02,Madhya Pradesh,Gwalior,Ujjain,Gram,2533,2892,3454
2024-12-03,Madhya Pradesh,Ujjain,Sagar,Gram,1701,2572,1921
2024-12-04,Madhya Pradesh,Sagar,Indore,Soybean,2400,2448,2632
2024-12-05,Madhya Pradesh,Bhopal,Sagar,Maize,1713,3752,2821
2024-12-06,Madhya Pradesh,Bhopal,Gwalior,Soybean,1567,2281,3244
2024-12-07,Madhya Pradesh,Gwalior,Jabalpur,Soybean,2258,2674,2694
2024-12-08,Madhya Pradesh,Gwalior,Jabalpur,Soybean,2365,2056,3315
2024-12-09,Madhya Pradesh,Gwalior,Sagar,Soybean,1826,3998,3422
2024-12-10,Madhya Pradesh,Indore,Bhopal,Wheat,2573,2190,2088
2024-12-11,Madhya Pradesh,Sagar,Jabalpur,Soybean,2540,2643,3472
2024-12-12,Madhya Pradesh,Bhopal,Gwalior,Gram,2022,3486,2876
2024-12-13,Madhya Pradesh,Gwalior,Jabalpur,Soybean,2829,2041,3028
2024-12-14,Madhya Pradesh,Indore,Bhopal,Wheat,2915,3509,3171
2024-12-15,Madhya Pradesh,Jabalpur,Jabalpur,Paddy(Dhan),2487,3196,2874
2024-12-16,Madhya Pradesh,Sagar,Jabalpur,Paddy(Dhan),2647,2678,2638
2024-12-17,Madhya Pradesh,Jabalpur,Bhopal,Paddy(Dhan),2503,3273,2711
2024-12-18,Madhya Pradesh,Jabalpur,Jabalpur,Maize,2003,3533,1839
2024-12-19,Madhya Pradesh,Bhopal,Sagar,Gram,2748,2501,2049
2024-12-20,Madhya Pradesh,Indore,Ujjain,Wheat,2255,3216,2017
2024-12-21,Madhya Pradesh,Indore,Sagar,Paddy(Dhan),2841,2789,1978
2024-12-22,Madhya Pradesh,Jabalpur,Jabalpur,Wheat,1972,3930,3374
2024-12-23,Madhya Pradesh,Sagar,Indore,Wheat,2357,2749,1982
2024-12-24,Madhya Pradesh,Ujjain,Indore,Maize,2040,2741,2987
2024-12-25,Madhya Pradesh,Jabalpur,Ujjain,Paddy(Dhan),2881,2164,3200
2024-12-26,Madhya Pradesh,Bhopal,Jabalpur,Soybean,2368,2754,2504
2024-12-27,Madhya Pradesh,Jabalpur,Gwalior,Wheat,2377,2089,2296
2024-12-28,Madhya Pradesh,Sagar,Jabalpur,Paddy(Dhan),2439,3714,2396
2024-12-29,Madhya Pradesh,Sagar,Indore,Wheat,2376,2986,2260
2024-12-30,Madhya Pradesh,Jabalpur,Bhopal,Maize,2952,3081,2273
2024-12-31,Madhya Pradesh,Indore,Ujjain,Maize,2296,3996,2484
2025-01-01,Madhya Pradesh,Jabalpur,Bhopal,Soybean,1971,3286,2860
2025-01-02,Madhya Pradesh,Gwalior,Gwalior,Maize,2337,2647,3422
2025-01-03,Madhya Pradesh,Gwalior,Jabalpur,Paddy(Dhan),2823,2749,3464
2025-01-04,Madhya Pradesh,Ujjain,Gwalior,Maize,1583,2818,2118
2025-01-05,Madhya Pradesh,Bhopal,Bhopal,Soybean,1876,2242,3378
2025-01-06,Madhya Pradesh,Bhopal,Jabalpur,Gram,2836,2662,3235
2025-01-07,Madhya Pradesh,Indore,Sagar,Wheat,2843,2857,2155
2025-01-08,Madhya Pradesh,Bhopal,Sagar,Wheat,1703,3899,3494
2025-01-09,Madhya Pradesh,Ujjain,Gwalior,Paddy(Dhan),2878,3782,2416
2025-01-10,Madhya Pradesh,Gwalior,Sagar,Soybean,2508,2218,2028
2025-01-11,Madhya Pradesh,Indore,Sagar,Soybean,2817,2008,2528
2025-01-12,Madhya Pradesh,Sagar,Indore,Soybean,2003,2429,3087
2025-01-13,Madhya Pradesh,Gwalior,Sagar,Wheat,2668,3829,3310
2025-01-14,Madhya Pradesh,Ujjain,Indore,Maize,2038,3902,2360
2025-01-15,Madhya Pradesh,Indore,Ujjain,Wheat,1516,2012,3175
2025-01-16,Madhya Pradesh,Jabalpur,Indore,Wheat,2074,3798,3265
2025-01-17,Madhya Pradesh,Bhopal,Indore,Wheat,2075,2906,2434
2025-01-18,Madhya Pradesh,Ujjain,Bhopal,Maize,2514,2969,2258
2025-01-19,Madhya Pradesh,Indore,Indore,Gram,2562,3248,1824
2025-01-20,Madhya Pradesh,Gwalior,Indore,Paddy(Dhan),1629,3766,2954
2025-01-21,Madhya Pradesh,Indore,Bhopal,Gram,1614,2689,2169
2025-01-22,Madhya Pradesh,Jabalpur,Indore,Gram,2973,3782,3259
2025-01-23,Madhya Pradesh,Ujjain,Sagar,Wheat,2449,3090,3047
2025-01-24,Madhya Pradesh,Indore,Indore,Gram,2568,3832,2811
2025-01-25,Madhya Pradesh,Sagar,Ujjain,Wheat,1715,3692,2410
2025-01-26,Madhya Pradesh,Ujjain,Indore,Wheat,2347,2676,3175
2025-01-27,Madhya Pradesh,Ujjain,Indore,Paddy(Dhan),2938,3526,3308
2025-01-28,Madhya Pradesh,Gwalior,Ujjain,Soybean,2188,2183,3020
2025-01-29,Madhya Pradesh,Bhopal,Bhopal,Wheat,2502,3004,1908
2025-01-30,Madhya Pradesh,Sagar,Sagar,Gram,1764,2207,3043
2025-01-31,Madhya Pradesh,Jabalpur,Indore,Paddy(Dhan),2963,2527,2519
2025-02-01,Madhya Pradesh,Indore,Sagar,Gram,2116,3323,3142
2025-02-02,Madhya Pradesh,Bhopal,Gwalior,Soybean,2904,2817,2905
2025-02-03,Madhya Pradesh,Gwalior,Sagar,Maize,1800,3002,3360
2025-02-04,Madhya Pradesh,Bhopal,Bhopal,Soybean,2484,3264,2231
2025-02-05,Madhya Pradesh,Ujjain,Bhopal,Paddy(Dhan),2694,2454,2831
2025-02-06,Madhya Pradesh,Ujjain,Indore,Soybean,1905,3998,2435
2025-02-07,Madhya Pradesh,Jabalpur,Ujjain,Soybean,2878,3765,2972
2025-02-08,Madhya Pradesh,Sagar,Bhopal,Paddy(Dhan),1660,2901,2921
2025-02-09,Madhya Pradesh,Indore,Ujjain,Paddy(Dhan),1525,3553,2924
2025-02-10,Madhya Pradesh,Indore,Gwalior,Gram,1582,3682,2166
2025-02-11,Madhya Pradesh,Gwalior,Ujjain,Wheat,1672,2243,3285
2025-02-12,Madhya Pradesh,Jabalpur,Jabalpur,Maize,2498,3586,2724
2025-02-13,Madhya Pradesh,Indore,Ujjain,Maize,2293,3985,2213
2025-02-14,Madhya Pradesh,Sagar,Bhopal,Maize,2593,2770,3082
2025-02-15,Madhya Pradesh,Ujjain,Ujjain,Soybean,2334,2237,2155
2025-02-16,Madhya Pradesh,Jabalpur,Ujjain,Paddy(Dhan),1505,3269,1810
2025-02-17,Madhya Pradesh,Bhopal,Jabalpur,Paddy(Dhan),2295,2344,3239
2025-02-18,Madhya Pradesh,Jabalpur,Jabalpur,Paddy(Dhan),2718,3507,3394
2025-02-19,Madhya Pradesh,Jabalpur,Indore,Wheat,2024,2309,3073
2025-02-20,Madhya Pradesh,Sagar,Bhopal,Paddy(Dhan),1562,3584,3475
2025-02-21,Madhya Pradesh,Sagar,Indore,Paddy(Dhan),2536,3307,3373
2025-02-22,Madhya Pradesh,Indore,Jabalpur,Soybean,2260,2037,2945
2025-02-23,Madhya Pradesh,Gwalior,Ujjain,Gram,1704,3819,1864
2025-02-24,Madhya Pradesh,Gwalior,Jabalpur,Maize,2396,2031,3481
2025-02-25,Madhya Pradesh,Sagar,Gwalior,Soybean,1539,3266,3125
2025-02-26,Madhya Pradesh,Indore,Ujjain,Soybean,2688,3576,1924
2025-02-27,Madhya Pradesh,Indore,Indore,Soybean,2554,2291,2111
2025-02-28,Madhya Pradesh,Indore,Ujjain,Maize,2376,3638,3014
2025-03-01,Madhya Pradesh,Sagar,Gwalior,Soybean,2324,2291,2574
2025-03-02,Madhya Pradesh,Gwalior,Jabalpur,Gram,2408,3642,2801
2025-03-03,Madhya Pradesh,Indore,Bhopal,Paddy(Dhan),1897,2757,2672
2025-03-04,Madhya Pradesh,Sagar,Sagar,Gram,2982,3405,3273
2025-03-05,Madhya Pradesh,Bhopal,Bhopal,Paddy(Dhan),2746,3622,2493
2025-03-06,Madhya Pradesh,Bhopal,Bhopal,Paddy(Dhan),2133,2577,2982
2025-03-07,Madhya Pradesh,Ujjain,Jabalpur,Soybean,2601,3161,3176
2025-03-08,Madhya Pradesh,Bhopal,Bhopal,Soybean,2338,3861,2789
2025-03-09,Madhya Pradesh,Jabalpur,Gwalior,Maize,2099,3223,2598
2025-03-10,Madhya Pradesh,Ujjain,Jabalpur,Wheat,2124,3358,2473
2025-03-11,Madhya Pradesh,Bhopal,Bhopal,Gram,2437,2604,3086
2025-03-12,Madhya Pradesh,Jabalpur,Sagar,Maize,2383,2446,2711
2025-03-13,Madhya Pradesh,Bhopal,Indore,Maize,2951,3371,2205
2025-03-14,Madhya Pradesh,Sagar,Jabalpur,Gram,1924,2277,2795
2025-03-15,Madhya Pradesh,Jabalpur,Jabalpur,Gram,1886,2993,3426
2025-03-16,Madhya Pradesh,Indore,Ujjain,Paddy(Dhan),2762,2531,2840
2025-03-17,Madhya Pradesh,Sagar,Bhopal,Wheat,2503,3824,2436
2025-03-18,Madhya Pradesh,Jabalpur,Indore,Soybean,2357,3422,3083
2025-03-19,Madhya Pradesh,Sagar,Sagar,Wheat,2122,3414,2689
2025-03-20,Madhya Pradesh,Indore,Gwalior,Wheat,1589,2983,3178
2025-03-21,Madhya Pradesh,Jabalpur,Jabalpur,Soybean,1884,2601,2288
2025-03-22,Madhya Pradesh,Jabalpur,Gwalior,Wheat,2662,2561,3037
2025-03-23,Madhya Pradesh,Sagar,Gwalior,Maize,2496,3033,2038
2025-03-24,Madhya Pradesh,Bhopal,Gwalior,Maize,2146,2590,1979
2025-03-25,Madhya Pradesh,Jabalpur,Ujjain,Soybean,2767,3572,3242
2025-03-26,Madhya Pradesh,Bhopal,Gwalior,Soybean,1921,2058,2966
2025-03-27,Madhya Pradesh,Jabalpur,Bhopal,Gram,2705,3111,2116
2025-03-28,Madhya Pradesh,Gwalior,Bhopal,Gram,2718,2458,3067
2025-03-29,Madhya Pradesh,Ujjain,Indore,Wheat,2373,2103,2031
2025-03-30,Madhya Pradesh,Bhopal,Indore,Wheat,1552,2830,3412
2025-03-31,Madhya Pradesh,Bhopal,Sagar,Soybean,2485,2788,3126
2025-04-01,Madhya Pradesh,Indore,Gwalior,Wheat,2513,2103,2130
2025-04-02,Madhya Pradesh,Gwalior,Gwalior,Paddy(Dhan),2184,3277,2360
2025-04-03,Madhya Pradesh,Indore,Ujjain,Maize,1678,2741,2748
2025-04-04,Madhya Pradesh,Gwalior,Gwalior,Wheat,1792,3358,2047
2025-04-05,Madhya Pradesh,Gwalior,Gwalior,Wheat,1874,3486,2082
2025-04-06,Madhya Pradesh,Sagar,Gwalior,Gram,2582,3572,3110
2025-04-07,Madhya Pradesh,Sagar,Jabalpur,Paddy(Dhan),2577,2300,2739
2025-04-08,Madhya Pradesh,Sagar,Jabalpur,Wheat,2768,2653,1831
2025-04-09,Madhya Pradesh,Jabalpur,Ujjain,Maize,2672,2554,3323
2025-04-10,Madhya Pradesh,Indore,Ujjain,Wheat,2295,2627,3493
2025-04-11,Madhya Pradesh,Ujjain,Bhopal,Soybean,2891,3364,2329
2025-04-12,Madhya Pradesh,Gwalior,Ujjain,Paddy(Dhan),1515,3515,2180
2025-04-13,Madhya Pradesh,Gwalior,Sagar,Wheat,1675,3107,1862
2025-04-14,Madhya Pradesh,Bhopal,Bhopal,Paddy(Dhan),2929,2928,1927
2025-04-15,Madhya Pradesh,Jabalpur,Gwalior,Wheat,2990,3282,3351
2025-04-16,Madhya Pradesh,Ujjain,Ujjain,Maize,1628,2359,1962
2025-04-17,Madhya Pradesh,Sagar,Sagar,Maize,2746,2086,2757
2025-04-18,Madhya Pradesh,Gwalior,Ujjain,Paddy(Dhan),2383,2427,3074
2025-04-19,Madhya Pradesh,Bhopal,Ujjain,Gram,2767,2366,3472
2025-04-20,Madhya Pradesh,Indore,Bhopal,Gram,1925,2342,2094
2025-04-21,Madhya Pradesh,Gwalior,Bhopal,Soybean,1853,2346,1978
2025-04-22,Madhya Pradesh,Bhopal,Indore,Gram,2249,3826,2028
2025-04-23,Madhya Pradesh,Indore,Bhopal,Paddy(Dhan),2243,3944,2682
2025-04-24,Madhya Pradesh,Jabalpur,Bhopal,Gram,2849,2095,2193
2025-04-25,Madhya Pradesh,Sagar,Jabalpur,Soybean,2526,3278,2491
2025-04-26,Madhya Pradesh,Indore,Ujjain,Wheat,1978,3877,3219
2025-04-27,Madhya Pradesh,Gwalior,Bhopal,Gram,2475,3159,1871
2025-04-28,Madhya Pradesh,Ujjain,Ujjain,Paddy(Dhan),2604,3271,2117
2025-04-29,Madhya Pradesh,Indore,Ujjain,Paddy(Dhan),1543,3522,2394
2025-04-30,Madhya Pradesh,Ujjain,Jabalpur,Soybean,1654,2883,2178
2025-05-01,Madhya Pradesh,Ujjain,Ujjain,Soybean,2446,3981,2706
2025-05-02,Madhya Pradesh,Indore,Sagar,Maize,2427,2485,1935
2025-05-03,Madhya Pradesh,Jabalpur,Bhopal,Maize,1598,3425,2529
2025-05-04,Madhya Pradesh,Indore,Ujjain,Maize,2920,2603,3444
2025-05-05,Madhya Pradesh,Bhopal,Indore,Wheat,1670,2411,3201
2025-05-06,Madhya Pradesh,Sagar,Indore,Paddy(Dhan),1647,3994,2942
2025-05-07,Madhya Pradesh,Ujjain,Jabalpur,Maize,1622,3931,2705
2025-05-08,Madhya Pradesh,Sagar,Sagar,Paddy(Dhan),1611,2447,2329
2025-05-09,Madhya Pradesh,Gwalior,Bhopal,Soybean,2522,2246,2734
2025-05-10,Madhya Pradesh,Ujjain,Jabalpur,Wheat,2511,2769,2465
2025-05-11,Madhya Pradesh,Gwalior,Indore,Soybean,2653,2698,2322
2025-05-12,Madhya Pradesh,Bhopal,Sagar,Paddy(Dhan),1567,2420,3473
2025-05-13,Madhya Pradesh,Bhopal,Bhopal,Maize,2327,2123,2186
2025-05-14,Madhya Pradesh,Sagar,Ujjain,Soybean,2391,3283,2373
2025-05-15,Madhya Pradesh,Bhopal,Bhopal,Gram,2809,3192,2382
2025-05-16,Madhya Pradesh,Indore,Gwalior,Wheat,2528,2940,2372
2025-05-17,Madhya Pradesh,Ujjain,Bhopal,Paddy(Dhan),2641,2876,2443
2025-05-18,Madhya Pradesh,Gwalior,Ujjain,Maize,1729,3134,2372
2025-05-19,Madhya Pradesh,Sagar,Gwalior,Soybean,1659,3313,2669
2025-05-20,Madhya Pradesh,Sagar,Sagar,Wheat,2817,3622,3092
2025-05-21,Madhya Pradesh,Bhopal,Jabalpur,Maize,1685,2012,3347
2025-05-22,Madhya Pradesh,Bhopal,Sagar,Soybean,2513,3286,2346
2025-05-23,Madhya Pradesh,Gwalior,Bhopal,Paddy(Dhan),2376,2799,3309
2025-05-24,Madhya Pradesh,Ujjain,Jabalpur,Gram,2051,3046,2237
2025-05-25,Madhya Pradesh,Ujjain,Bhopal,Gram,2747,2944,3386
2025-05-26,Madhya Pradesh,Sagar,Indore,Paddy(Dhan),2675,2199,2354
2025-05-27,Madhya Pradesh,Gwalior,Indore,Wheat,2663,3265,1910
2025-05-28,Madhya Pradesh,Sagar,Ujjain,Paddy(Dhan),2890,3262,3145
2025-05-29,Madhya Pradesh,Jabalpur,Sagar,Soybean,2651,2302,2326
2025-05-30,Madhya Pradesh,Ujjain,Indore,Wheat,2874,3188,1976
2025-05-31,Madhya Pradesh,Gwalior,Gwalior,Gram,1646,2737,2473
2025-06-01,Madhya Pradesh,Gwalior,Gwalior,Soybean,2808,2175,3374
2025-06-02,Madhya Pradesh,Sagar,Bhopal,Maize,2992,3052,3361
2025-06-03,Madhya Pradesh,Bhopal,Jabalpur,Maize,2741,2676,2423
2025-06-04,Madhya Pradesh,Gwalior,Gwalior,Maize,1935,2534,2743
2025-06-05,Madhya Pradesh,Sagar,Bhopal,Gram,2231,3317,2272
2025-06-06,Madhya Pradesh,Indore,Jabalpur,Paddy(Dhan),2668,2476,3386
2025-06-07,Madhya Pradesh,Bhopal,Indore,Wheat,2800,2382,2793
2025-06-08,Madhya Pradesh,Bhopal,Bhopal,Gram,1559,2555,2678
2025-06-09,Madhya Pradesh,Ujjain,Jabalpur,Soybean,2342,3796,3211
2025-06-10,Madhya Pradesh,Jabalpur,Ujjain,Soybean,2898,3715,2921
2025-06-11,Madhya Pradesh,Ujjain,Sagar,Maize,1903,3319,3234
2025-06-12,Madhya Pradesh,Indore,Sagar,Wheat,2380,3674,3198
2025-06-13,Madhya Pradesh,Sagar,Ujjain,Maize,2637,2333,1969
2025-06-14,Madhya Pradesh,Bhopal,Gwalior,Soybean,2114,3271,2813
2025-06-15,Madhya Pradesh,Bhopal,Sagar,Soybean,1835,3264,1855
2025-06-16,Madhya Pradesh,Gwalior,Jabalpur,Paddy(Dhan),2330,3129,2124
2025-06-17,Madhya Pradesh,Jabalpur,Ujjain,Paddy(Dhan),1784,2897,2457
2025-06-18,Madhya Pradesh,Jabalpur,Gwalior,Paddy(Dhan),1628,2930,2756
2025-06-19,Madhya Pradesh,Gwalior,Bhopal,Maize,1814,2684,2059
2025-06-20,Madhya Pradesh,Indore,Bhopal,Wheat,2459,2560,2440
2025-06-21,Madhya Pradesh,Jabalpur,Jabalpur,Paddy(Dhan),1570,2122,2361
2025-06-22,Madhya Pradesh,Bhopal,Jabalpur,Gram,1844,3058,2139
2025-06-23,Madhya Pradesh,Indore,Jabalpur,Paddy(Dhan),2621,2617,2203
2025-06-24,Madhya Pradesh,Ujjain,Sagar,Maize,2823,2987,2331
2025-06-25,Madhya Pradesh,Ujjain,Jabalpur,Wheat,1675,2839,2997
2025-06-26,Madhya Pradesh,Indore,Ujjain,Paddy(Dhan),2383,2415,2594
2025-06-27,Madhya Pradesh,Bhopal,Ujjain,Wheat,2598,2707,3361
2025-06-28,Madhya Pradesh,Ujjain,Gwalior,Gram,1642,3644,2983
2025-06-29,Madhya Pradesh,Sagar,Ujjain,Soybean,2430,2636,2833
2025-06-30,Madhya Pradesh,Bhopal,Sagar,Wheat,2546,3350,2393
2025-07-01,Madhya Pradesh,Gwalior,Bhopal,Paddy(Dhan),1680,3318,3079
2025-07-02,Madhya Pradesh,Jabalpur,Gwalior,Maize,2568,3455,2416
2025-07-03,Madhya Pradesh,Indore,Ujjain,Maize,2992,2346,2451
2025-07-04,Madhya Pradesh,Jabalpur,Jabalpur,Maize,1591,2036,2513
2025-07-05,Madhya Pradesh,Gwalior,Ujjain,Maize,2792,3723,2143
2025-07-06,Madhya Pradesh,Ujjain,Indore,Wheat,1533,2511,3359
2025-07-07,Madhya Pradesh,Sagar,Gwalior,Maize,2177,2848,3196
2025-07-08,Madhya Pradesh,Bhopal,Sagar,Soybean,2887,3993,3258
2025-07-09,Madhya Pradesh,Bhopal,Ujjain,Gram,2656,3923,1845
2025-07-10,Madhya Pradesh,Gwalior,Ujjain,Wheat,2258,2534,2703
2025-07-11,Madhya Pradesh,Indore,Sagar,Wheat,1881,2909,1854
2025-07-12,Madhya Pradesh,Jabalpur,Bhopal,Maize,2465,2772,2901
2025-07-13,Madhya Pradesh,Sagar,Jabalpur,Maize,2800,3729,3314
2025-07-14,Madhya Pradesh,Ujjain,Jabalpur,Wheat,2679,3901,3494
2025-07-15,Madhya Pradesh,Indore,Bhopal,Maize,1886,2663,2655
2025-07-16,Madhya Pradesh,Sagar,Bhopal,Maize,2034,3041,3095
2025-07-17,Madhya Pradesh,Sagar,Indore,Maize,1699,2026,2459
2025-07-18,Madhya Pradesh,Gwalior,Sagar,Maize,1774,2535,3373
2025-07-19,Madhya Pradesh,Gwalior,Gwalior,Maize,2000,3052,1910
2025-07-20,Madhya Pradesh,Bhopal,Jabalpur,Paddy(Dhan),1958,3674,2838
2025-07-21,Madhya Pradesh,Ujjain,Bhopal,Paddy(Dhan),1549,3007,1877
2025-07-22,Madhya Pradesh,Indore,Bhopal,Paddy(Dhan),2469,2657,2300
2025-07-23,Madhya Pradesh,Bhopal,Sagar,Wheat,2487,3658,2387
2025-07-24,Madhya Pradesh,Ujjain,Gwalior,Gram,2031,2639,2217
2025-07-25,Madhya Pradesh,Jabalpur,Bhopal,Wheat,2503,3903,2074
2025-07-26,Madhya Pradesh,Jabalpur,Indore,Paddy(Dhan),2127,3140,3317
2025-07-27,Madhya Pradesh,Bhopal,Gwalior,Wheat,2615,3155,3020
2025-07-28,Madhya Pradesh,Indore,Indore,Gram,2979,3312,3199
2025-07-29,Madhya Pradesh,Ujjain,Ujjain,Maize,1838,3741,2886
2025-07-30,Madhya Pradesh,Jabalpur,Jabalpur,Soybean,2576,3259,3184
2025-07-31,Madhya Pradesh,Jabalpur,Bhopal,Paddy(Dhan),1503,2041,2772
2025-08-01,Madhya Pradesh,Indore,Gwalior,Paddy(Dhan),1780,3183,3367
2025-08-02,Madhya Pradesh,Bhopal,Indore,Gram,2813,3787,2790
2025-08-03,Madhya Pradesh,Gwalior,Jabalpur,Maize,1572,3714,2933
2025-08-04,Madhya Pradesh,Sagar,Jabalpur,Maize,2660,3148,1993
2025-08-05,Madhya Pradesh,Ujjain,Bhopal,Soybean,2267,3283,3342
2025-08-06,Madhya Pradesh,Jabalpur,Jabalpur,Maize,2470,3299,3474
2025-08-07,Madhya Pradesh,Sagar,Bhopal,Gram,2497,2212,3282
2025-08-08,Madhya Pradesh,Sagar,Ujjain,Maize,2916,3986,2654
2025-08-09,Madhya Pradesh,Gwalior,Bhopal,Gram,1707,3496,2598
2025-08-10,Madhya Pradesh,Sagar,Sagar,Paddy(Dhan),1759,2835,2100
2025-08-11,Madhya Pradesh,Indore,Indore,Paddy(Dhan),2429,2701,2767
2025-08-12,Madhya Pradesh,Bhopal,Sagar,Paddy(Dhan),1762,3593,2367
2025-08-13,Madhya Pradesh,Ujjain,Jabalpur,Wheat,2282,3454,2471
2025-08-14,Madhya Pradesh,Indore,Jabalpur,Paddy(Dhan),2004,3738,3319
2025-08-15,Madhya Pradesh,Bhopal,Jabalpur,Gram,1702,2079,1948
2025-08-16,Madhya Pradesh,Indore,Bhopal,Soybean,2870,2954,2568
2025-08-17,Madhya Pradesh,Jabalpur,Gwalior,Maize,1551,3251,3284
2025-08-18,Madhya Pradesh,Jabalpur,Bhopal,Paddy(Dhan),2879,2901,1938
2025-08-19,Madhya Pradesh,Gwalior,Indore,Wheat,1862,3118,2660
2025-08-20,Madhya Pradesh,Indore,Bhopal,Wheat,1544,2423,2091
2025-08-21,Madhya Pradesh,Sagar,Jabalpur,Gram,2326,3996,2134
2025-08-22,Madhya Pradesh,Jabalpur,Ujjain,Soybean,2901,2918,2498
2025-08-23,Madhya Pradesh,Bhopal,Indore,Paddy(Dhan),2288,3971,3007
2025-08-24,Madhya Pradesh,Gwalior,Sagar,Paddy(Dhan),2935,2515,2106
2025-08-25,Madhya Pradesh,Sagar,Ujjain,Wheat,2270,2164,2724
2025-08-26,Madhya Pradesh,Ujjain,Indore,Gram,1641,3449,2780
2025-08-27,Madhya Pradesh,Indore,Indore,Wheat,2781,2996,2697
2025-08-28,Madhya Pradesh,Jabalpur,Jabalpur,Wheat,2296,3835,3085
2025-08-29,Madhya Pradesh,Sagar,Sagar,Soybean,1536,2992,2726
2025-08-30,Madhya Pradesh,Bhopal,Bhopal,Gram,1544,2892,3133
2025-08-31,Madhya Pradesh,Indore,Sagar,Soybean,2419,3015,2143
2025-09-01,Madhya Pradesh,Bhopal,Jabalpur,Gram,2569,3065,3247
2025-09-02,Madhya Pradesh,Gwalior,Jabalpur,Paddy(Dhan),2064,3820,2456
2025-09-03,Madhya Pradesh,Jabalpur,Jabalpur,Maize,1800,2740,3337
2025-09-04,Madhya Pradesh,Jabalpur,Ujjain,Maize,1787,3426,3347
2025-09-05,Madhya Pradesh,Gwalior,Sagar,Gram,2285,2754,2060
2025-09-06,Madhya Pradesh,Bhopal,Sagar,Maize,1768,3747,3185
2025-09-07,Madhya Pradesh,Indore,Indore,Wheat,2290,2415,1968
2025-09-08,Madhya Pradesh,Bhopal,Gwalior,Paddy(Dhan),2585,3323,2459
2025-09-09,Madhya Pradesh,Indore,Bhopal,Paddy(Dhan),2080,3078,1999
2025-09-10,Madhya Pradesh,Sagar,Jabalpur,Maize,2765,2335,3208
2025-09-11,Madhya Pradesh,Gwalior,Sagar,Gram,2435,3924,3135
2025-09-12,Madhya Pradesh,Ujjain,Sagar,Wheat,1853,2880,2381
2025-09-13,Madhya Pradesh,Indore,Indore,Gram,2467,3453,3135
2025-09-14,Madhya Pradesh,Jabalpur,Bhopal,Maize,1570,2971,2365
2025-09-15,Madhya Pradesh,Sagar,Gwalior,Paddy(Dhan),2334,2684,2194
2025-09-16,Madhya Pradesh,Jabalpur,Gwalior,Paddy(Dhan),1912,3812,2150
2025-09-17,Madhya Pradesh,Sagar,Jabalpur,Gram,2111,3357,1827
2025-09-18,Madhya Pradesh,Jabalpur,Gwalior,Soybean,2584,2740,2431
2025-09-19,Madhya Pradesh,Bhopal,Gwalior,Gram,2114,3429,2956
2025-09-20,Madhya Pradesh,Bhopal,Bhopal,Soybean,2975,2029,2179
2025-09-21,Madhya Pradesh,Bhopal,Bhopal,Gram,2916,3558,3425
2025-09-22,Madhya Pradesh,Sagar,Jabalpur,Soybean,2028,3540,2327
2025-09-23,Madhya Pradesh,Sagar,Sagar,Soybean,2828,2574,3110
2025-09-24,Madhya Pradesh,Jabalpur,Indore,Soybean,1690,2220,3107
2025-09-25,Madhya Pradesh,Indore,Jabalpur,Soybean,1577,2826,2702
2025-09-26,Madhya Pradesh,Sagar,Ujjain,Wheat,2388,2593,3472
2025-09-27,Madhya Pradesh,Jabalpur,Gwalior,Soybean,2824,3517,2606
2025-09-28,Madhya Pradesh,Indore,Indore,Soybean,2448,2753,2026
2025-09-29,Madhya Pradesh,Bhopal,Sagar,Paddy(Dhan),1516,3276,3250
2025-09-30,Madhya Pradesh,Sagar,Sagar,Wheat,2314,3587,1826
2025-10-01,Madhya Pradesh,Ujjain,Bhopal,Soybean,1933,3344,3155
2025-10-02,Madhya Pradesh,Bhopal,Ujjain,Maize,2566,3062,2940
2025-10-03,Madhya Pradesh,Gwalior,Sagar,Wheat,2591,3020,1888
2025-10-04,Madhya Pradesh,Indore,Ujjain,Paddy(Dhan),2903,3488,2418
2025-10-05,Madhya Pradesh,Ujjain,Gwalior,Gram,1711,3794,1921
2025-10-06,Madhya Pradesh,Bhopal,Bhopal,Paddy(Dhan),1702,3961,2665
2025-10-07,Madhya Pradesh,Sagar,Indore,Paddy(Dhan),2225,3862,1832
2025-10-08,Madhya Pradesh,Ujjain,Bhopal,Wheat,1608,3434,2402
2025-10-09,Madhya Pradesh,Jabalpur,Gwalior,Wheat,2467,3435,2495
2025-10-10,Madhya Pradesh,Indore,Sagar,Maize,1783,2491,2687
2025-10-11,Madhya Pradesh,Gwalior,Ujjain,Maize,2440,2437,3221
2025-10-12,Madhya Pradesh,Jabalpur,Gwalior,Wheat,2748,2478,2324
2025-10-13,Madhya Pradesh,Ujjain,Sagar,Wheat,2236,2782,2847
2025-10-14,Madhya Pradesh,Bhopal,Jabalpur,Wheat,2641,2948,3148
2025-10-15,Madhya Pradesh,Indore,Ujjain,Gram,2431,3007,1833
2025-10-16,Madhya Pradesh,Sagar,Gwalior,Paddy(Dhan),2102,2071,2046
2025-10-17,Madhya Pradesh,Gwalior,Indore,Maize,2863,2581,2842
2025-10-18,Madhya Pradesh,Bhopal,Indore,Maize,2804,2219,2853
2025-10-19,Madhya Pradesh,Gwalior,Sagar,Soybean,1990,3027,1848
2025-10-20,Madhya Pradesh,Sagar,Sagar,Gram,1518,3885,2711
2025-10-21,Madhya Pradesh,Indore,Indore,Wheat,2698,3002,1979
2025-10-22,Madhya Pradesh,Ujjain,Jabalpur,Wheat,2992,3936,3193
2025-10-23,Madhya Pradesh,Gwalior,Bhopal,Gram,2300,2289,2537
2025-10-24,Madhya Pradesh,Indore,Indore,Maize,2259,2379,3218
2025-10-25,Madhya Pradesh,Gwalior,Sagar,Wheat,2665,3925,2389
2025-10-26,Madhya Pradesh,Bhopal,Sagar,Soybean,2986,2803,2295
2025-10-27,Madhya Pradesh,Gwalior,Jabalpur,Maize,2428,3378,2230
2025-10-28,Madhya Pradesh,Bhopal,Indore,Paddy(Dhan),1797,2742,3030
2025-10-29,Madhya Pradesh,Bhopal,Jabalpur,Gram,2993,3958,2858
2025-10-30,Madhya Pradesh,Indore,Indore,Maize,2204,2079,3406
2025-10-31,Madhya Pradesh,Jabalpur,Bhopal,Paddy(Dhan),2314,2065,3236
2025-11-01,Madhya Pradesh,Sagar,Gwalior,Soybean,2302,2135,2163
2025-11-02,Madhya Pradesh,Gwalior,Indore,Gram,1872,2398,2109
2025-11-03,Madhya Pradesh,Ujjain,Gwalior,Wheat,2991,3726,2781
2025-11-04,Madhya Pradesh,Bhopal,Indore,Wheat,2427,2346,3102
2025-11-05,Madhya Pradesh,Jabalpur,Bhopal,Paddy(Dhan),2450,3871,2975
2025-11-06,Madhya Pradesh,Bhopal,Sagar,Maize,2961,3984,2026
2025-11-07,Madhya Pradesh,Jabalpur,Gwalior,Soybean,2343,2058,3066
2025-11-08,Madhya Pradesh,Jabalpur,Jabalpur,Paddy(Dhan),2446,2777,1809
2025-11-09,Madhya Pradesh,Ujjain,Indore,Soybean,1942,2518,3215
2025-11-10,Madhya Pradesh,Jabalpur,Sagar,Soybean,2979,3903,1847
2025-11-11,Madhya Pradesh,Ujjain,Indore,Soybean,2771,2713,3447
2025-11-12,Madhya Pradesh,Indore,Jabalpur,Gram,1641,3867,2003
2025-11-13,Madhya Pradesh,Bhopal,Bhopal,Paddy(Dhan),1901,2976,2788
2025-11-14,Madhya Pradesh,Ujjain,Ujjain,Gram,2322,3260,2693
2025-11-15,Madhya Pradesh,Sagar,Indore,Maize,1721,3803,1956
2025-11-16,Madhya Pradesh,Bhopal,Jabalpur,Maize,2236,2078,2654
2025-11-17,Madhya Pradesh,Sagar,Ujjain,Wheat,2707,3581,1825
2025-11-18,Madhya Pradesh,Gwalior,Indore,Wheat,2887,3778,2220
2025-11-19,Madhya Pradesh,Sagar,Gwalior,Wheat,2493,3823,2560
2025-11-20,Madhya Pradesh,Indore,Sagar,Maize,2711,3695,2573
2025-11-21,Madhya Pradesh,Gwalior,Sagar,Soybean,1612,2114,2063
2025-11-22,Madhya Pradesh,Gwalior,Jabalpur,Soybean,2704,2985,3352
2025-11-23,Madhya Pradesh,Jabalpur,Gwalior,Paddy(Dhan),2722,3485,2387
2025-11-24,Madhya Pradesh,Sagar,Bhopal,Maize,2593,3649,2757
2025-11-25,Madhya Pradesh,Jabalpur,Ujjain,Wheat,2097,2125,2269
2025-11-26,Madhya Pradesh,Sagar,Jabalpur,Maize,2403,3625,2053
2025-11-27,Madhya Pradesh,Gwalior,Indore,Soybean,1984,2572,3369
2025-11-28,Madhya Pradesh,Jabalpur,Sagar,Soybean,2922,2964,2970
2025-11-29,Madhya Pradesh,Bhopal,Indore,Gram,2050,2499,3149
2025-11-30,Madhya Pradesh,Sagar,Ujjain,Gram,2533,2828,3161
2025-12-01,Madhya Pradesh,Sagar,Gwalior,Paddy(Dhan),1502,3125,2539
2025-12-02,Madhya Pradesh,Jabalpur,Gwalior,Maize,2161,2625,1917
2025-12-03,Madhya Pradesh,Sagar,Jabalpur,Gram,1566,3197,2988
2025-12-04,Madhya Pradesh,Gwalior,Jabalpur,Gram,2204,2451,2349
2025-12-05,Madhya Pradesh,Jabalpur,Gwalior,Maize,2620,3115,2710
2025-12-06,Madhya Pradesh,Jabalpur,Jabalpur,Soybean,2841,3718,2669
2025-12-07,Madhya Pradesh,Ujjain,Gwalior,Paddy(Dhan),1597,2384,2607
2025-12-08,Madhya Pradesh,Ujjain,Ujjain,Paddy(Dhan),2580,3228,3472
2025-12-09,Madhya Pradesh,Gwalior,Jabalpur,Paddy(Dhan),2630,2362,2620
2025-12-10,Madhya Pradesh,Bhopal,Gwalior,Gram,1587,3730,3021
2025-12-11,Madhya Pradesh,Sagar,Jabalpur,Soybean,2471,3840,3197
2025-12-12,Madhya Pradesh,Indore,Indore,Paddy(Dhan),2152,2497,3401
2025-12-13,Madhya Pradesh,Sagar,Sagar,Maize,2155,2536,3415
2025-12-14,Madhya Pradesh,Indore,Indore,Paddy(Dhan),2411,3257,2363
2025-12-15,Madhya Pradesh,Gwalior,Bhopal,Wheat,1870,2015,2952
2025-12-16,Madhya Pradesh,Bhopal,Gwalior,Soybean,1874,2980,2213
2025-12-17,Madhya Pradesh,Bhopal,Bhopal,Wheat,1551,3164,3203
2025-12-18,Madhya Pradesh,Bhopal,Gwalior,Soybean,1540,3971,2679
2025-12-19,Madhya Pradesh,Ujjain,Sagar,Maize,2315,2619,2792
2025-12-20,Madhya Pradesh,Gwalior,Jabalpur,Gram,1590,3443,1800
2025-12-21,Madhya Pradesh,Indore,Gwalior,Gram,1538,3479,1966
2025-12-22,Madhya Pradesh,Bhopal,Indore,Soybean,2536,2299,1815
2025-12-23,Madhya Pradesh,Gwalior,Jabalpur,Paddy(Dhan),2399,2338,2456
2025-12-24,Madhya Pradesh,Sagar,Sagar,Wheat,2120,2302,1911
2025-12-25,Madhya Pradesh,Indore,Indore,Maize,1603,3915,3191
2025-12-26,Madhya Pradesh,Ujjain,Jabalpur,Paddy(Dhan),2242,2591,2925
2025-12-27,Madhya Pradesh,Jabalpur,Gwalior,Gram,1542,2075,2393
2025-12-28,Madhya Pradesh,Indore,Gwalior,Paddy(Dhan),1708,3811,3229
2025-12-29,Madhya Pradesh,Sagar,Indore,Wheat,2099,2913,2306
2025-12-30,Madhya Pradesh,Indore,Ujjain,Gram,2104,3973,3434
2025-12-31,Madhya Pradesh,Indore,Gwalior,Soybean,1975,2779,2470
2026-01-01,Madhya Pradesh,Jabalpur,Ujjain,Maize,1608,3647,2863
2026-01-02,Madhya Pradesh,Bhopal,Jabalpur,Maize,1713,2920,3490
2026-01-03,Madhya Pradesh,Sagar,Ujjain,Gram,1908,3339,3371
2026-01-04,Madhya Pradesh,Jabalpur,Indore,Soybean,2270,3523,3204
2026-01-05,Madhya Pradesh,Indore,Bhopal,Wheat,2132,3098,2558
2026-01-06,Madhya Pradesh,Sagar,Bhopal,Maize,1576,3749,3339
2026-01-07,Madhya Pradesh,Ujjain,Indore,Gram,1594,2365,2296
2026-01-08,Madhya Pradesh,Indore,Bhopal,Maize,1768,3569,2764
2026-01-09,Madhya Pradesh,Ujjain,Indore,Soybean,1860,2652,2080
2026-01-10,Madhya Pradesh,Gwalior,Gwalior,Wheat,2029,3005,2150
2026-01-11,Madhya Pradesh,Ujjain,Ujjain,Soybean,2182,3701,2133
2026-01-12,Madhya Pradesh,Indore,Bhopal,Paddy(Dhan),1661,2395,2560
2026-01-13,Madhya Pradesh,Jabalpur,Gwalior,Soybean,1964,3254,3347
2026-01-14,Madhya Pradesh,Indore,Bhopal,Soybean,2322,2803,3106
2026-01-15,Madhya Pradesh,Indore,Jabalpur,Maize,2047,3051,2527
2026-01-16,Madhya Pradesh,Gwalior,Indore,Soybean,2710,3498,3142
2026-01-17,Madhya Pradesh,Bhopal,Indore,Gram,1551,3318,2622
2026-01-18,Madhya Pradesh,Indore,Gwalior,Maize,1987,2844,3237
2026-01-19,Madhya Pradesh,Gwalior,Jabalpur,Maize,2919,3450,3417
2026-01-20,Madhya Pradesh,Jabalpur,Ujjain,Paddy(Dhan),1591,2871,1813
2026-01-21,Madhya Pradesh,Gwalior,Jabalpur,Gram,2150,3114,2879
2026-01-22,Madhya Pradesh,Gwalior,Jabalpur,Soybean,1856,2114,3226
2026-01-23,Madhya Pradesh,Ujjain,Sagar,Paddy(Dhan),2218,3182,2141
2026-01-24,Madhya Pradesh,Bhopal,Ujjain,Gram,2667,3281,1998
2026-01-25,Madhya Pradesh,Bhopal,Ujjain,Paddy(Dhan),1698,2372,2477
2026-01-26,Madhya Pradesh,Sagar,Jabalpur,Wheat,2314,2849,3115
2026-01-27,Madhya Pradesh,Jabalpur,Bhopal,Soybean,2846,2089,2457
2026-01-28,Madhya Pradesh,Sagar,Sagar,Paddy(Dhan),2855,2756,3264
2026-01-29,Madhya Pradesh,Gwalior,Bhopal,Wheat,2787,3321,1877
2026-01-30,Madhya Pradesh,Jabalpur,Jabalpur,Soybean,1716,2030,1911
2026-01-31,Madhya Pradesh,Jabalpur,Bhopal,Paddy(Dhan),2055,3852,2334
2026-02-01,Madhya Pradesh,Bhopal,Ujjain,Paddy(Dhan),2957,2357,3198
2026-02-02,Madhya Pradesh,Bhopal,Ujjain,Paddy(Dhan),2302,3847,2939
2026-02-03,Madhya Pradesh,Bhopal,Bhopal,Paddy(Dhan),2983,2469,2965
2026-02-04,Madhya Pradesh,Indore,Ujjain,Maize,2200,3763,2791
2026-02-05,Madhya Pradesh,Gwalior,Indore,Paddy(Dhan),2002,3874,3020
2026-02-06,Madhya Pradesh,Jabalpur,Ujjain,Maize,1968,3151,2589
2026-02-07,Madhya Pradesh,Gwalior,Jabalpur,Maize,1865,3805,3363
2026-02-08,Madhya Pradesh,Jabalpur,Gwalior,Wheat,2762,2269,3122
2026-02-09,Madhya Pradesh,Jabalpur,Bhopal,Soybean,2123,3521,2899
2026-02-10,Madhya Pradesh,Sagar,Sagar,Maize,2419,3436,2329
2026-02-11,Madhya Pradesh,Jabalpur,Bhopal,Gram,2060,2208,1899
2026-02-12,Madhya Pradesh,Jabalpur,Ujjain,Maize,2322,2689,3302
2026-02-13,Madhya Pradesh,Ujjain,Ujjain,Gram,2466,3329,2772
2026-02-14,Madhya Pradesh,Ujjain,Gwalior,Wheat,2162,3214,3291
2026-02-15,Madhya Pradesh,Sagar,Gwalior,Gram,2250,3380,3459
2026-02-16,Madhya Pradesh,Indore,Sagar,Wheat,2919,2456,3115
2026-02-17,Madhya Pradesh,Bhopal,Jabalpur,Wheat,2918,2448,2814
2026-02-18,Madhya Pradesh,Jabalpur,Indore,Wheat,2598,2067,1924
2026-02-19,Madhya Pradesh,Gwalior,Jabalpur,Gram,2621,3862,2814
2026-02-20,Madhya Pradesh,Ujjain,Sagar,Gram,1882,3802,2318
2026-02-21,Madhya Pradesh,Bhopal,Bhopal,Wheat,2893,3805,1822
2026-02-22,Madhya Pradesh,Indore,Ujjain,Wheat,2808,2873,1961
2026-02-23,Madhya Pradesh,Bhopal,Jabalpur,Soybean,2779,2466,2428
2026-02-24,Madhya Pradesh,Jabalpur,Ujjain,Wheat,1808,3383,2305
2026-02-25,Madhya Pradesh,Bhopal,Ujjain,Paddy(Dhan),1675,3410,2681
2026-02-26,Madhya Pradesh,Jabalpur,Jabalpur,Soybean,1727,2127,2844
2026-02-27,Madhya Pradesh,Sagar,Jabalpur,Soybean,1846,3799,3287
2026-02-28,Madhya Pradesh,Ujjain,Gwalior,Soybean,2865,2732,2282
2026-03-01,Madhya Pradesh,Ujjain,Sagar,Paddy(Dhan),2762,3777,3325
2026-03-02,Madhya Pradesh,Jabalpur,Sagar,Soybean,2520,3508,2108
2026-03-03,Madhya Pradesh,Gwalior,Indore,Soybean,1849,3267,3419
2026-03-04,Madhya Pradesh,Ujjain,Gwalior,Gram,1954,3962,2673
2026-03-05,Madhya Pradesh,Gwalior,Indore,Gram,1940,3928,3376
2026-03-06,Madhya Pradesh,Jabalpur,Jabalpur,Wheat,2260,3042,2002
2026-03-07,Madhya Pradesh,Sagar,Sagar,Wheat,2014,3419,3239
2026-03-08,Madhya Pradesh,Jabalpur,Sagar,Maize,2604,3690,2439
2026-03-09,Madhya Pradesh,Sagar,Indore,Paddy(Dhan),2884,3252,1941
2026-03-10,Madhya Pradesh,Ujjain,Bhopal,Gram,1787,2367,2803
2026-03-11,Madhya Pradesh,Gwalior,Gwalior,Wheat,1507,2057,2414
2026-03-12,Madhya Pradesh,Jabalpur,Gwalior,Paddy(Dhan),1586,3304,1906
2026-03-13,Madhya Pradesh,Ujjain,Gwalior,Soybean,2497,2556,2328
2026-03-14,Madhya Pradesh,Sagar,Sagar,Paddy(Dhan),1785,3125,3360
2026-03-15,Madhya Pradesh,Jabalpur,Ujjain,Gram,2922,2047,2375
2026-03-16,Madhya Pradesh,Sagar,Sagar,Maize,1573,2561,2768
2026-03-17,Madhya Pradesh,Bhopal,Ujjain,Gram,2962,2592,2487
2026-03-18,Madhya Pradesh,Sagar,Sagar,Wheat,2646,2811,2090
2026-03-19,Madhya Pradesh,Bhopal,Jabalpur,Wheat,2900,2058,2604
2026-03-20,Madhya Pradesh,Ujjain,Sagar,Paddy(Dhan),2305,2160,3134
2026-03-21,Madhya Pradesh,Jabalpur,Jabalpur,Gram,2666,2102,2467
2026-03-22,Madhya Pradesh,Ujjain,Ujjain,Wheat,1657,2845,2184
2026-04-05,Madhya Pradesh,Indore,Gwalior,Soybean,1929,2411,2876
2026-04-05,Madhya Pradesh,Sagar,Ujjain,Soybean,2971,2785,3408
2026-04-05,Madhya Pradesh,Ujjain,Indore,Maize,2933,2182,3006
2026-04-05,Madhya Pradesh,Ujjain,Gwalior,Paddy(Dhan),2894,2416,3192
2026-04-05,Madhya Pradesh,Bhopal,Sagar,Wheat,2632,3139,2500
2026-04-05,Madhya Pradesh,Sagar,Sagar,Maize,2345,3897,1812
2026-04-29,Madhya Pradesh,Bhopal,Sagar,Soybean,1535,2398,3382
